,Ticker,Conversations,Headlines,HeadlinesL2Delta,ConversationL2Delta
0,ACST,0.2397724682386687,0.12602592592592593,0.0,0.038566981132075476
1,AKTX,0.2397724682386687,-0.012927272727272726,0.5574,0.038566981132075476
2,BELFB,0.508775,0.23815263157894737,0.0772,0.10170000000000001
3,CCLP,0.2397724682386687,0.09711538461538462,0.3182,0.038566981132075476
4,CPIX,0.2397724682386687,0.026246153846153832,0.296,0.038566981132075476
5,DYAI,0.2397724682386687,0.12348888888888891,0.0,0.038566981132075476
6,EBIX,0.2397724682386687,0.1605875,0.3182,0.038566981132075476
7,EVOK,0.2397724682386687,0.10473333333333333,0.0,0.038566981132075476
8,FCAP,0.2397724682386687,0.1005529411764706,0.0,0.038566981132075476
9,FLDM,0.2397724682386687,0.1605875,0.3182,0.038566981132075476
10,GTH,0.2397724682386687,0.4404,0.0,0.038566981132075476
11,HUGE,0.2397724682386687,0.35896249999999996,-0.6808,0.038566981132075476
12,JBSS,0.3182,0.095175,0.5719,0.0
13,JCS,0.2397724682386687,0.04,0.0,0.038566981132075476
14,JOUT,0.2397724682386687,-0.09100476190476191,0.0,0.038566981132075476
15,MARK,0.2397724682386687,0.07350999999999999,0.7351,0.038566981132075476
16,MMAT,0.2397724682386687,-0.22004,0.0,0.038566981132075476
17,NCSM,0.7447,0.0891125,0.2732,0.05400000000000005
18,NWS,0.6908,0.14086093749999998,0.3083,0.0
19,PBTS,0.2397724682386687,0.35896249999999996,-0.6808,0.038566981132075476
20,POWL,0.364735,0.23861111111111116,-0.22089999999999999,1.3382999999999998
21,PSEC,0.20823,0.2786935483870967,-0.06469999999999998,-0.040000000000000036
22,RGP,0.3842428571428571,-0.020707142857142855,0.2263,0.0
23,SNGX,0.2397724682386687,0.16650526315789474,-0.34,0.038566981132075476
24,TLGT,0.2397724682386687,0.3696875,0.3818,0.038566981132075476
25,TOPS,0.2397724682386687,0.3261375000000001,-0.29100000000000004,0.038566981132075476
26,TRMT,0.2397724682386687,0.3696875,0.3818,0.038566981132075476
27,TYME,0.2397724682386687,0.3696875,0.3818,0.038566981132075476
28,UFPT,0.2397724682386687,0.07470370370370372,0.0,0.038566981132075476
29,ACB,-0.4854,0.18744354838709673,-0.5267,0.0
30,AMCX,0.28680000000000005,0.044083783783783775,-0.5691999999999999,-0.4812
31,CLOV,0.26288666666666666,0.2628942857142857,0.4215,0.17200000000000004
32,FIZZ,0.34,0.134928,0.468,0.0
33,GGAL,0.28961500000000007,0.15022285714285716,0.0,-1.076
34,INVA,0.2397724682386687,0.1073058823529412,0.3745,0.038566981132075476
35,MVST,-0.62605,-0.010775000000000007,0.0,0.3649
36,PAHC,0.2397724682386687,0.1392,-0.325,0.038566981132075476
37,QIWI,0.2397724682386687,0.16129230769230768,-0.12880000000000008,0.038566981132075476
38,YQ,0.2397724682386687,-0.078,-0.21200000000000002,0.038566981132075476
39,ABEV,-0.15913333333333335,0.1888227272727273,-0.7649,-1.0238
40,ADT,0.0,0.03845862068965517,-0.1531,0.0
41,AEG,0.0,0.049085000000000004,0.3818,0.0
42,AGM,0.44657,0.08736875000000001,0.29500000000000004,0.6464
43,AGR,0.68,0.20565657894736844,-0.4019,0.0
44,AJRD,0.2397724682386687,0.2664076923076923,-0.12880000000000008,0.038566981132075476
45,ALE,0.031633333333333326,0.1371,0.0,-0.5445
46,ALX,0.2397724682386687,0.14544347826086954,-0.4939,0.038566981132075476
47,AM,0.4833900000000001,0.10285599999999999,0.3612,0.1779
48,AMC,0.2559571428571428,0.19212153846153845,-0.07240000000000002,0.4346
49,AMR,-0.02212499999999997,0.013875,0.7547999999999999,0.6641
50,APAM,0.2397724682386687,0.1799771428571429,0.468,0.038566981132075476
51,ARI,0.29592,0.054072222222222216,0.2023,-1.2519
52,ARR,0.6588,0.18586666666666662,0.23069999999999996,0.0
53,ARW,0.1531,0.18512631578947372,-0.8351000000000001,0.0
54,ASB,-0.6808,0.07865128205128202,0.0,0.0
55,ATIP,0.4731,-0.04242222222222222,0.0,0.0
56,AVAL,-0.4588,0.17121176470588237,-0.765,0.0
57,AWI,0.2397724682386687,0.11348823529411765,0.0837,0.038566981132075476
58,AZUL,0.20087142857142856,-0.023041666666666665,0.0,1.0532
59,BAP,0.2397724682386687,0.20265333333333332,-0.08579999999999999,0.038566981132075476
60,BCSF,0.6053875,0.156635,0.0,0.45150000000000007
61,BEDU,0.2397724682386687,0.4015266666666667,0.6626,0.038566981132075476
62,BEN,0.26950666666666667,-0.27018901098901105,-0.0516,1.7027
63,BGS,0.29885,-0.005165714285714287,-0.3182,0.5460999999999999
64,BIG,0.2397724682386687,0.2281125,0.4588,0.038566981132075476
65,BKE,0.94575,-0.053078260869565214,-0.3612,-0.06430000000000002
66,BMI,0.4074166666666667,0.08534137931034483,0.2263,0.0383
67,BOH,0.3612,0.014630303030303035,0.0,0.0
68,BPMP,0.2397724682386687,0.22510000000000002,0.3818,0.038566981132075476
69,BRFS,0.2397724682386687,0.13810322580645162,0.0,0.038566981132075476
70,BTU,0.1812666666666667,0.29613846153846163,0.38649999999999995,0.1405
71,CAAP,0.9001,-0.03146388888888889,-1.0653000000000001,0.0
72,CAJ,0.2397724682386687,0.27635000000000004,0.12629999999999997,0.038566981132075476
73,CANG,0.2397724682386687,0.1462466666666667,0.29679999999999995,0.038566981132075476
74,CBU,0.2397724682386687,0.11986764705882352,-0.12629999999999997,0.038566981132075476
75,CCO,0.2397724682386687,0.39070555555555564,0.17949999999999997,0.038566981132075476
76,CCU,0.2397724682386687,-0.11476923076923076,0.0,0.038566981132075476
77,CEPU,0.07634999999999999,0.16219166666666668,0.0,-0.4837
78,CFR,0.7817666666666666,0.00794318181818182,0.128,-0.241
79,CHH,0.2397724682386687,0.05624107142857142,-0.37359999999999993,0.038566981132075476
80,CHS,0.2397724682386687,-0.03083636363636364,0.0,0.038566981132075476
81,CHT,0.2397724682386687,0.11841944444444447,0.128,0.038566981132075476
82,CIG,-0.06894999999999998,0.18287142857142857,0.0,-0.8811
83,CIM,0.8353,0.09526190476190474,-0.296,0.0
84,CL,0.1531,0.08594444444444443,0.0,0.0
85,CLB,0.2397724682386687,0.112235,0.10519999999999996,0.038566981132075476
86,CLI,0.2397724682386687,0.2593125,-0.4215,0.038566981132075476
87,CLS,0.29397,0.14514864864864865,0.0,0.4035
88,CLX,0.0645625,0.1117835294117647,0.6486,0.04500000000000004
89,CMC,0.48785,0.24187857142857142,-0.6249,0.5809
90,CNA,-0.24186666666666667,0.1726875,-0.34,-0.3025
91,COR,0.2423,0.15398035714285713,0.8126,0.2681
92,CORR,0.2397724682386687,0.0772,0.0,0.038566981132075476
93,CPAC,0.2397724682386687,-0.09176,0.0,0.038566981132075476
94,CPB,0.043,0.01471111111111111,-0.0644,-0.2035
95,CPLG,0.2397724682386687,0.21452500000000002,0.433,0.038566981132075476
96,CRS,0.1809,0.08856756756756758,0.0,-1.0988
97,CTK,0.2397724682386687,-0.051274999999999994,-0.5574,0.038566981132075476
98,CUK,0.15291818181818181,0.2618972972972973,-0.4404,0.5719
99,CVI,-0.003685000000000005,0.25572187500000004,0.12009999999999998,0.6652
100,CXP,0.2397724682386687,0.21452500000000002,0.433,0.038566981132075476
101,DDD,0.4218,0.14957118644067796,0.0,-0.8436
102,DDS,-0.034962499999999994,0.05484516129032258,-0.7717,-1.3974
103,DK,0.0564857142857143,-0.00926034482758621,-0.4215,-0.2809
104,DKL,0.41518,0.073453125,0.1027,-0.20929999999999999
105,DRQ,0.2397724682386687,0.09515384615384616,0.433,0.038566981132075476
106,E,-0.23686,0.09498382352941177,0.4588,0.6369
107,ELVT,0.2397724682386687,-0.1656384615384615,0.433,0.038566981132075476
108,ENBL,0.2397724682386687,0.21452500000000002,0.433,0.038566981132075476
109,EPAC,0.2397724682386687,0.07773636363636363,0.296,0.038566981132075476
110,EQC,-0.006166666666666677,-0.035360000000000016,-0.4019,1.7597
111,ETRN,0.2397724682386687,0.3446923076923077,0.41940000000000005,0.038566981132075476
112,EXPR,0.2397724682386687,-0.10648461538461539,0.0,0.038566981132075476
113,FET,0.2397724682386687,0.31887692307692306,0.32620000000000005,0.038566981132075476
114,FHI,0.2397724682386687,0.19868888888888891,0.1027,0.038566981132075476
115,FI,0.366115,0.13941875,-0.4404,1.4754999999999998
116,FIX,0.802,0.39542666666666676,0.0,0.0
117,FLNG,0.377165,0.189954761904762,0.0,0.6217
118,FLO,0.2397724682386687,-0.030037931034482747,-0.6053999999999999,0.038566981132075476
119,FMS,0.0,0.3346627450980392,-0.3182,0.0
120,FSLY,0.1872,-0.13455999999999993,-0.25,0.0
121,GKOS,0.2397724682386687,0.16923157894736846,-0.3612,0.038566981132075476
122,GLOP,0.2397724682386687,0.25893076923076924,-0.5375000000000001,0.038566981132075476
123,GOL,0.2397724682386687,-0.06128749999999998,0.15189999999999998,0.038566981132075476
124,GRA,0.2397724682386687,0.39537500000000003,-0.15949999999999998,0.038566981132075476
125,GSBD,0.3881666666666666,0.06991785714285716,0.6249,1.3131
126,H,0.8933,0.13398714285714286,0.46919999999999995,0.0
127,HBB,0.2397724682386687,0.10084166666666666,0.4588,0.038566981132075476
128,HE,0.03727,-0.0665169491525424,0.0,0.9645000000000001
129,HLI,0.2397724682386687,0.05479285714285714,0.6369,0.038566981132075476
130,HMN,0.2397724682386687,0.02876,0.0,0.038566981132075476
131,HMY,0.06378888888888891,0.29286956521739144,0.7506,0.0
132,HRL,0.4073666666666667,0.03654561403508772,-1.0534,0.137
133,HSBC,0.008919999999999994,0.1478236111111111,0.0,-0.24629999999999996
134,HT,0.2397724682386687,-0.19068,0.0,0.038566981132075476
135,HXL,-0.17845384615384619,0.019229787234042558,0.128,1.0695999999999999
136,ICL,0.0,0.09999130434782608,-0.5574,0.0
137,IHG,0.2397724682386687,0.20251999999999995,0.0,0.038566981132075476
138,INGR,0.0,0.16434666666666667,-0.6705,0.0
139,JHG,0.9493,0.018969999999999997,-0.5423,-0.0015999999999999348
140,JKS,0.6187,0.07891399999999998,0.0,0.0
141,JMIA,0.28124,0.045646808510638286,-0.25649999999999995,0.30189999999999995
142,JMP,0.2397724682386687,-0.05854285714285713,-0.5719,0.038566981132075476
143,JWN,-0.026949999999999988,0.055354545454545455,0.34,1.7004000000000001
144,KAMN,0.2397724682386687,0.2857,-0.0258,0.038566981132075476
145,KMB,0.42463999999999996,0.07875584415584415,-0.6705,0.15339999999999998
146,KMI,0.266845,0.37617966101694916,-0.29159999999999997,-0.015699999999999936
147,KNOP,0.6287,0.0632962962962963,0.0,0.45360000000000006
148,KR,0.160975,0.08876176470588237,0.0,0.468
149,KRA,0.2397724682386687,0.20137692307692306,0.0,0.038566981132075476
150,LCI,0.2397724682386687,-0.025584615384615372,-0.128,0.038566981132075476
151,LII,-0.28265,0.2313921568627451,0.25,-0.1511
152,LL,0.2397724682386687,-0.013599999999999994,0.0,0.038566981132075476
153,LOMA,-0.7401,0.06411904761904763,0.0,0.0
154,LPL,0.2397724682386687,0.17245925925925926,0.0,0.038566981132075476
155,LTC,0.2397724682386687,0.08080666666666667,0.0,0.038566981132075476
156,LUMN,0.213665,0.028808196721311474,0.0,0.0964
157,MAC,-0.020000000000000007,0.07705833333333331,-0.2023,-1.033
158,MD,0.2397724682386687,0.10894062500000001,-0.5106,0.038566981132075476
159,MDLA,0.2397724682386687,0.1600375,0.3612,0.038566981132075476
160,MEI,0.9398,-0.0894012987012987,-1.3572,0.0
161,MFG,-0.3520666666666666,0.020871794871794875,-0.4588,-0.47
162,MKC,0.32422,0.023264814814814808,0.0,1.1961
163,MOV,-0.27332000000000006,0.07291666666666667,-0.2744,0.4724
164,MTD,0.2397724682386687,0.09913846153846154,0.6249,0.038566981132075476
165,NBR,0.2397724682386687,-0.011182051282051275,0.0,0.038566981132075476
166,NEXA,0.2397724682386687,0.12275333333333333,0.0,0.038566981132075476
167,NGL,0.38639999999999997,0.22508571428571433,0.0,-0.6486
168,NHI,0.2023,0.12083777777777775,-0.4019,0.0
169,NINE,-0.34464999999999996,0.04554999999999999,0.0,-0.8437
170,NTCO,0.2397724682386687,0.1600375,0.3612,0.038566981132075476
171,NYC,0.2397724682386687,0.035090476190476186,-0.2263,0.038566981132075476
172,OLP,0.2397724682386687,0.6056952380952381,-0.11020000000000008,0.038566981132075476
173,PAM,0.8601666666666666,0.146575,0.0,-0.04810000000000003
174,PBF,0.12899999999999998,0.12792340425531917,0.0,-0.15700000000000003
175,PBFX,0.2397724682386687,0.1600375,0.3612,0.038566981132075476
176,PGRE,0.06548333333333334,-0.05836399999999999,0.6222,-1.1204
177,PHI,0.09,0.07713333333333333,0.2732,0.0
178,PKG,0.4588,0.16705365853658538,0.0,-0.28120000000000006
179,PLTR,0.5035000000000001,0.13361486486486487,0.0,-0.517
180,PNW,0.2397724682386687,0.16081621621621622,0.4404,0.038566981132075476
181,PRU,0.4010375,0.029413513513513515,0.0,-1.0190000000000001
182,PSB,0.2397724682386687,0.09545,-0.3818,0.038566981132075476
183,QS,0.33205999999999997,0.04360980392156863,0.0,-0.4674
184,RES,0.2397724682386687,-0.035965217391304365,-0.34,0.038566981132075476
185,REV,0.2397724682386687,0.1533375,0.0,0.038566981132075476
186,RGR,0.0,-0.05460800000000001,-0.4215,0.0
187,RIG,-0.043840000000000004,-0.10236477272727275,-0.3182,-0.6042000000000001
188,RKT,0.21439999999999998,0.016150000000000005,0.0,-0.806
189,RNR,-0.296,0.16669318181818185,-0.296,0.0
190,RPAI,0.2397724682386687,0.1600375,0.3612,0.038566981132075476
191,RSF,0.2397724682386687,0.4082666666666667,-0.6124,0.038566981132075476
192,RYI,0.8530500000000001,-0.07321578947368419,0.08849999999999997,0.07550000000000001
193,RYN,0.2397724682386687,0.04828421052631578,0.5719,0.038566981132075476
194,SCU,0.2397724682386687,-0.06914999999999999,-0.3818,0.038566981132075476
195,SFBS,0.0,0.08442999999999999,0.6386000000000001,0.0
196,SHO,0.0,0.018244444444444462,-0.25,0.0
197,SII,0.2397724682386687,0.04653478260869565,-0.5106,0.038566981132075476
198,SJM,0.3846538461538461,0.12639491525423724,-0.6124,-0.4019
199,SJW,0.654175,0.14594444444444446,-0.4404,0.7672
200,SKT,0.8202,0.06385757575757574,0.11419999999999997,0.13659999999999994
201,SKY,0.2397724682386687,0.47121199999999996,-0.16559999999999997,0.038566981132075476
202,SMLP,0.2397724682386687,0.1341,0.0,0.038566981132075476
203,SNR,0.2397724682386687,0.0,0.0,0.038566981132075476
204,SON,-0.8885,0.019216666666666674,0.0,0.0
205,SPNT,0.2397724682386687,0.25649374999999996,-0.7948999999999999,0.038566981132075476
206,SRLP,0.2397724682386687,0.1600375,0.3612,0.038566981132075476
207,TAL,0.4404,0.0728235294117647,0.0,0.0
208,TEVA,0.06074500000000001,0.029269117647058817,0.0,0.359
209,TISI,0.2397724682386687,0.183732,-0.7906,0.038566981132075476
210,TTC,0.16645714285714286,-0.059305128205128205,-0.4215,0.8737
211,TWI,-0.27954999999999997,0.0325,0.0,-0.36979999999999996
212,UE,0.2397724682386687,0.1094037037037037,0.296,0.038566981132075476
213,UL,0.7283666666666666,0.0962469696969697,0.296,-0.35550000000000004
214,UNF,0.2397724682386687,-0.008794117647058815,-0.25,0.038566981132075476
215,UNFI,0.759425,0.47213399999999994,-0.24480000000000002,-0.03709999999999991
216,USAC,0.300855,0.23045517241379312,0.2207,0.01079999999999992
217,USNA,0.2397724682386687,0.11312857142857143,-0.4215,0.038566981132075476
218,UVE,0.0262,0.17827391304347825,0.0,0.7815
219,VER,0.2397724682386687,0.039862499999999995,0.3612,0.038566981132075476
220,VET,0.39459000000000005,0.28474857142857135,-0.2732,0.7356
221,VIV,0.8228,0.1418142857142857,0.1027,0.0
222,VNE,0.2397724682386687,0.31265,-0.12880000000000008,0.038566981132075476
223,VNO,0.47524999999999995,0.09429298245614037,-0.2023,0.2328
224,WBT,0.2397724682386687,0.54046,0.36880000000000007,0.038566981132075476
225,WIT,0.2397724682386687,-0.028330555555555564,0.0,0.038566981132075476
226,WLKP,0.2397724682386687,0.07043478260869565,0.4588,0.038566981132075476
227,WOR,0.2397724682386687,-0.010897142857142854,-0.0772,0.038566981132075476
228,WRE,0.2397724682386687,0.198825,-0.2502,0.038566981132075476
229,WTM,0.7096,0.15495333333333333,0.06789999999999996,0.0
230,WTS,0.2397724682386687,0.130715625,0.2732,0.038566981132075476
231,XL,0.2397724682386687,-0.043649999999999994,0.05860000000000004,0.038566981132075476
232,YELP,0.23838749999999997,0.08085333333333335,-0.7579,0.23839999999999995
233,YSG,0.5719,-0.020959090909090906,0.0,0.0
234,AAON,0.6808,0.11606451612903226,0.6249,0.0
235,ABTX,0.2397724682386687,0.198825,-0.2502,0.038566981132075476
236,ADMP,0.2397724682386687,0.16191538461538463,-0.2502,0.038566981132075476
237,ADP,0.47933749999999997,0.053533870967741946,-0.4019,0.8224
238,AESE,0.2397724682386687,0.198825,-0.2502,0.038566981132075476
239,ALOT,0.2397724682386687,-0.0026959999999999983,0.7096,0.038566981132075476
240,ALRS,0.2397724682386687,0.08899117647058823,-0.4767,0.038566981132075476
241,ALTA,0.2397724682386687,0.2344,0.0,0.038566981132075476
242,ALTM,0.21939999999999998,0.09001818181818182,0.0,1.3860999999999999
243,ALYA,0.2397724682386687,0.156475,-0.7579,0.038566981132075476
244,AOSL,0.2397724682386687,0.11783461538461536,0.09820000000000007,0.038566981132075476
245,APPF,0.2397724682386687,0.029475000000000005,-0.6369,0.038566981132075476
246,APRE,0.2397724682386687,0.06961785714285715,0.0,0.038566981132075476
247,ARCT,0.6367499999999999,0.38290208333333337,-0.16100000000000003,-0.023699999999999943
248,AROW,0.2397724682386687,0.0772625,0.0,0.038566981132075476
249,ASLE,0.3870777777777778,0.06500833333333333,0.5267,1.0185
250,ATXI,0.2397724682386687,0.20916153846153845,0.6705,0.038566981132075476
251,AXDX,0.2397724682386687,0.0842142857142857,0.056900000000000006,0.038566981132075476
252,BANF,0.2397724682386687,0.24814285714285716,0.0,0.038566981132075476
253,BBBY,0.2397724682386687,0.1608125,0.732,0.038566981132075476
254,BCBP,0.2397724682386687,0.009664705882352942,0.0,0.038566981132075476
255,BFC,0.2397724682386687,0.05307857142857143,-0.4588,0.038566981132075476
256,BHF,0.2397724682386687,0.049268181818181815,0.0,0.038566981132075476
257,BKCC,0.2397724682386687,0.05011666666666667,0.732,0.038566981132075476
258,BKEP,0.2397724682386687,0.1608125,0.732,0.038566981132075476
259,BLBD,0.305265,0.11541296296296295,0.9329000000000001,0.37770000000000004
260,BLCM,0.2397724682386687,0.12200769230769232,0.732,0.038566981132075476
261,BLCT,0.2397724682386687,0.1608125,0.732,0.038566981132075476
262,BOCH,0.2397724682386687,0.1608125,0.732,0.038566981132075476
263,BSBK,0.2397724682386687,0.06719,0.4215,0.038566981132075476
264,CACC,0.3612,0.7405433333333334,0.2239000000000001,0.0
265,CBFV,0.2397724682386687,0.09095263157894738,-0.2023,0.038566981132075476
266,CBRL,0.47582857142857143,-0.006093103448275859,0.3182,0.07829999999999993
267,CBSH,0.66835,-0.005343333333333324,0.3308,-0.41910000000000003
268,CBTX,0.2397724682386687,0.1608125,0.732,0.038566981132075476
269,CCBG,0.2397724682386687,0.09964285714285712,0.1367,0.038566981132075476
270,CFBK,0.2397724682386687,0.10868571428571427,-0.4648,0.038566981132075476
271,CFFN,0.2397724682386687,-0.025511764705882345,0.0,0.038566981132075476
272,CHCO,0.2397724682386687,0.11846190476190477,0.7397,0.038566981132075476
273,CLBK,0.2397724682386687,0.1810952380952381,0.1779,0.038566981132075476
274,CLNE,0.51456,0.5781421052631577,0.19240000000000002,-0.2508999999999999
275,CLVS,0.2397724682386687,0.381075,-0.5719,0.038566981132075476
276,CNDT,0.2397724682386687,0.11438333333333335,0.04400000000000004,0.038566981132075476
277,CNFR,0.2162,0.07741176470588236,0.0,-1.0976
278,CNXN,0.2397724682386687,0.258865,0.0,0.038566981132075476
279,COHR,0.3131733333333333,0.1436463768115942,-0.7351,0.07229999999999998
280,COLB,0.5992727272727273,0.10171632653061226,0.0,-1.2372999999999998
281,CRON,0.8432,0.08983148148148148,-0.4588,-0.28579999999999994
282,CRTX,0.2397724682386687,0.1608125,0.732,0.038566981132075476
283,CRWS,0.2397724682386687,0.003131578947368421,-0.4767,0.038566981132075476
284,CVAC,-0.058,-0.008648437499999998,-0.6611,0.0
285,DFFN,0.2397724682386687,0.1333153846153846,0.732,0.038566981132075476
286,DFH,0.2397724682386687,0.22473333333333337,1.0206,0.038566981132075476
287,DHC,0.2397724682386687,0.3464583333333333,0.5106,0.038566981132075476
288,DISCK,0.2397724682386687,0.1608125,0.732,0.038566981132075476
289,DSPG,0.2397724682386687,0.1608125,0.732,0.038566981132075476
290,EBSB,0.2397724682386687,0.1608125,0.732,0.038566981132075476
291,EGBN,0.3612,0.12114687500000003,-0.07700000000000001,0.0
292,ESGR,0.2413,-0.26396590909090906,0.7,-0.9205
293,ESLT,0.8993,0.17024750000000002,0.0,0.0
294,ESSA,0.2397724682386687,-0.006500000000000002,0.2023,0.038566981132075476
295,ESXB,0.2397724682386687,0.262275,-0.2681,0.038566981132075476
296,EXPD,0.2397724682386687,0.008614285714285713,0.296,0.038566981132075476
297,FANH,0.1724,0.027113157894736842,0.0,0.0
298,FARO,0.2397724682386687,0.05500000000000001,-0.6249,0.038566981132075476
299,FBRX,0.2397724682386687,0.034499999999999996,0.8607,0.038566981132075476
300,FCEL,0.1027,0.09785384615384615,0.4588,0.0
301,FCRD,0.2397724682386687,-0.55586,-0.1628,0.038566981132075476
302,FFBC,0.2397724682386687,0.12109565217391305,0.0,0.038566981132075476
303,FFIN,0.2397724682386687,0.16631428571428572,0.049199999999999994,0.038566981132075476
304,FHB,0.2397724682386687,0.01014193548387097,-0.128,0.038566981132075476
305,FLNT,0.2397724682386687,0.015280769230769226,0.0,0.038566981132075476
306,FMAO,0.2397724682386687,0.18074705882352943,0.17570000000000002,0.038566981132075476
307,FNWB,0.2397724682386687,-0.05661666666666667,-0.3182,0.038566981132075476
308,FTEK,0.4996714285714286,0.16293636363636363,0.0,-0.6336999999999999
309,FULT,0.2397724682386687,0.07958378378378377,0.6249,0.038566981132075476
310,GABC,0.2397724682386687,0.07047941176470587,-1.2143000000000002,0.038566981132075476
311,GAIN,0.446195,0.053170731707317065,0.0,0.3158
312,GBDC,0.28447500000000003,0.05935416666666667,-0.3818,-0.4446
313,GBLI,0.2397724682386687,0.10282777777777778,0.0,0.038566981132075476
314,GECC,0.2397724682386687,0.524021052631579,0.0,0.038566981132075476
315,GLAD,0.34706666666666663,0.10332,-0.4019,0.1002
316,GRPN,-0.5324,-0.0039837837837837925,0.0,0.0
317,GSKY,0.2397724682386687,0.2643,-0.20959999999999998,0.038566981132075476
318,HA,0.2419058823529412,-0.11401538461538462,0.0,0.02739999999999998
319,HHR,0.2397724682386687,-0.2823,-0.4588,0.038566981132075476
320,HMHC,0.2397724682386687,0.1323125,-0.7297,0.038566981132075476
321,HOPE,0.2397724682386687,0.3005685714285715,0.038500000000000034,0.038566981132075476
322,HRZN,0.4330333333333333,0.18705238095238094,-0.7603,1.5902
323,HTBI,0.2397724682386687,0.07510909090909092,-0.20350000000000001,0.038566981132075476
324,ICMB,0.1014,0.38180000000000003,0.0,-1.2857
325,INFN,0.1094,0.029433999999999995,0.7506,-0.3732
326,INGN,0.86435,0.03863461538461539,-0.5106,-0.21489999999999998
327,INTC,0.32789999999999997,0.03454791666666664,0.2732,0.648
328,INTZ,0.2397724682386687,-0.18211724137931037,-0.30569999999999997,0.038566981132075476
329,IRBT,0.9081,-0.022039189189189193,0.17810000000000004,0.0
330,ITRM,0.6113999999999999,0.16434516129032256,0.4588,-0.051000000000000045
331,ITRN,0.9022,0.11167931034482757,-0.9118999999999999,0.0
332,JAKK,0.2397724682386687,0.09500344827586206,0.0,0.038566981132075476
333,JOBS,0.2397724682386687,0.14534615384615385,-0.7297,0.038566981132075476
334,KLXE,0.2397724682386687,0.18403636363636366,0.0,0.038566981132075476
335,KRMD,0.2397724682386687,0.24584594594594594,-0.6981999999999999,0.038566981132075476
336,LAZY,0.2397724682386687,0.0504142857142857,0.296,0.038566981132075476
337,LGIH,0.0,-0.07852826086956523,0.06789999999999996,0.0
338,LHDX,0.2397724682386687,0.1323125,-0.7297,0.038566981132075476
339,LILA,0.2397724682386687,0.48314285714285715,-0.13170000000000004,0.038566981132075476
340,LILAK,0.2397724682386687,0.4696379310344827,-0.13170000000000004,0.038566981132075476
341,LJPC,0.2397724682386687,0.1323125,-0.7297,0.038566981132075476
342,LKFN,0.2397724682386687,0.16617894736842106,0.017900000000000027,0.038566981132075476
343,LMNL,0.2397724682386687,0.1323125,-0.7297,0.038566981132075476
344,LMRK,0.2397724682386687,0.1323125,-0.7297,0.038566981132075476
345,LSTR,0.2397724682386687,-0.05942187500000001,0.0,0.038566981132075476
346,MCBS,0.2397724682386687,0.17875999999999997,0.0,0.038566981132075476
347,MGEE,0.2397724682386687,0.2576333333333334,0.0,0.038566981132075476
348,MGI,0.2397724682386687,-0.0049000000000000024,-0.0516,0.038566981132075476
349,MGLN,0.2397724682386687,0.1323125,-0.7297,0.038566981132075476
350,MGPI,0.2397724682386687,0.15488387096774195,0.0,0.038566981132075476
351,MILE,0.2397724682386687,0.005849999999999994,-0.5106,0.038566981132075476
352,MLVF,0.2397724682386687,-0.16775384615384617,-0.7297,0.038566981132075476
353,MMLP,-0.21950000000000003,0.049003333333333336,0.0,-1.286
354,MMYT,0.2397724682386687,0.24776562499999993,-0.7845,0.038566981132075476
355,MNRO,0.2397724682386687,0.09550344827586209,-0.4019,0.038566981132075476
356,MSON,0.2397724682386687,0.1323125,-0.7297,0.038566981132075476
357,MVBF,0.2397724682386687,-0.044509999999999994,-0.044999999999999984,0.038566981132075476
358,MVIS,0.2397724682386687,0.04821428571428572,0.0,0.038566981132075476
359,MYGN,0.2397724682386687,0.1638983050847458,0.0,0.038566981132075476
360,NATI,0.2397724682386687,0.45250769230769233,0.6486,0.038566981132075476
361,NEWT,0.3320000000000001,0.02080625,0.3818,-0.3866
362,NOVT,0.9083,0.1573375,0.09490000000000004,0.04949999999999999
363,NRIM,0.2397724682386687,0.13261874999999998,0.3987,0.038566981132075476
364,NTCT,0.2397724682386687,0.09321612903225807,-0.9387,0.038566981132075476
365,NTUS,0.2397724682386687,0.03642500000000001,0.4565,0.038566981132075476
366,NWBI,0.3612,0.048088,0.4892,0.0
367,ODP,0.2397724682386687,0.17193333333333333,-0.34,0.038566981132075476
368,OMP,0.2397724682386687,0.03642500000000001,0.4565,0.038566981132075476
369,OPI,-0.06343333333333331,0.25463157894736843,-0.11159999999999992,-0.184
370,OXSQ,0.2397724682386687,0.07860769230769232,-0.6369,0.038566981132075476
371,OZON,0.2397724682386687,-0.07534615384615383,0.4565,0.038566981132075476
372,PBCT,0.2397724682386687,0.03642500000000001,0.4565,0.038566981132075476
373,PBPB,-0.24954999999999997,0.06858333333333333,0.03390000000000004,-1.1791
374,PBYI,0.2397724682386687,-0.013939999999999992,-0.0837,0.038566981132075476
375,PETS,0.2397724682386687,0.11150588235294118,-0.28739999999999993,0.038566981132075476
376,PFX,0.2397724682386687,0.030977777777777785,0.7003,0.038566981132075476
377,PROG,0.2397724682386687,0.28421250000000003,0.0,0.038566981132075476
378,PROV,0.2397724682386687,0.04588,-0.4588,0.038566981132075476
379,PXS,0.2552,0.11566206896551723,0.4215,-0.08159999999999998
380,QADA,0.2397724682386687,0.03642500000000001,0.4565,0.038566981132075476
381,QLYS,0.2397724682386687,-0.11777733333333337,-0.8451,0.038566981132075476
382,RAIL,0.323,0.11228750000000001,-0.25,0.25
383,RAVN,0.2397724682386687,0.03642500000000001,0.4565,0.038566981132075476
384,RDI,0.5476454545454547,-0.017116666666666662,0.3308,0.08930000000000005
385,RDUS,0.2397724682386687,-0.11979375,0.3412,0.038566981132075476
386,RNST,0.2397724682386687,0.007632142857142845,-0.4588,0.038566981132075476
387,SABR,-0.9349,-0.017846575342465722,-0.4939,0.0
388,SAFM,0.2397724682386687,-0.2306375,0.7454,0.038566981132075476
389,SBSI,0.2397724682386687,0.1969909090909091,-0.5106,0.038566981132075476
390,SCWX,0.2397724682386687,-0.06931764705882354,-0.9904999999999999,0.038566981132075476
391,SDC,0.2397724682386687,0.5386000000000001,-0.21739999999999998,0.038566981132075476
392,SEAC,0.2397724682386687,0.0,0.0,0.038566981132075476
393,SFNC,0.3612,0.29800000000000004,0.04480000000000006,0.0
394,SIGI,0.2397724682386687,0.03615,-0.2023,0.038566981132075476
395,SMMT,-0.010260000000000002,0.06906769230769232,0.0,0.8178
396,SND,0.6877,0.5345208333333332,0.4297,0.5716000000000001
397,SNDL,0.2397724682386687,0.08950833333333334,0.0,0.038566981132075476
398,SOLY,0.2397724682386687,-0.2306375,0.7454,0.038566981132075476
399,SPTN,-0.08895,0.231869696969697,0.27909999999999996,-0.1779
400,SPWH,0.3237600000000001,0.029684375,0.0,-0.18420000000000003
401,SPWR,0.2397724682386687,0.44394999999999996,0.16549999999999992,0.038566981132075476
402,STKS,0.2397724682386687,-0.014631818181818178,0.0,0.038566981132075476
403,SUNW,0.2397724682386687,-0.08802500000000002,-0.2747,0.038566981132075476
404,TBNK,-0.26205,0.2741,0.038500000000000034,0.9127000000000001
405,TC,0.2397724682386687,0.0,0.0,0.038566981132075476
406,TCDA,0.2397724682386687,-0.08802500000000002,-0.2747,0.038566981132075476
407,THFF,0.2397724682386687,0.031180952380952382,0.0,0.038566981132075476
408,THRM,0.2397724682386687,0.03176666666666667,-0.4767,0.038566981132075476
409,THTX,0.2397724682386687,-0.11454687500000005,0.3612,0.038566981132075476
410,TIGO,0.34985,0.09709344262295082,0.0,-0.019699999999999995
411,TRMK,0.2397724682386687,-0.030253571428571435,0.045999999999999985,0.038566981132075476
412,TROW,0.352005,0.1046144927536232,-0.2023,0.0
413,TRST,0.2397724682386687,0.0645722222222222,0.0,0.038566981132075476
414,TRVG,0.2397724682386687,0.11768947368421052,-1.0803,0.038566981132075476
415,UIHC,0.2397724682386687,-0.08802500000000002,-0.2747,0.038566981132075476
416,USAP,0.5251,0.16764583333333336,-0.296,0.25739999999999996
417,USWS,0.2397724682386687,0.2769125,0.7597,0.038566981132075476
418,VCNX,0.2397724682386687,-0.10826086956521742,-0.679,0.038566981132075476
419,VIOT,0.2397724682386687,0.12192,-0.5719,0.038566981132075476
420,WAFD,0.2094,0.13335862068965518,-0.27669999999999995,0.17559999999999998
421,WDFC,0.2397724682386687,0.08592999999999999,0.0,0.038566981132075476
422,WRLD,0.2397724682386687,0.34870322580645163,0.1779,0.038566981132075476
423,WSBF,0.2397724682386687,-0.0015857142857142856,0.0,0.038566981132075476
424,WTBA,0.2397724682386687,0.020638888888888894,-0.3412,0.038566981132075476
425,XENT,0.2397724682386687,0.2769125,0.7597,0.038566981132075476
426,XONE,0.2397724682386687,0.5859,0.0,0.038566981132075476
427,YJ,0.2397724682386687,-0.021847619047619046,0.4588,0.038566981132075476
428,Z,0.08852000000000002,0.13012361111111112,0.0,-0.9461
429,ZEUS,0.2397724682386687,0.0789470588235294,-0.08579999999999999,0.038566981132075476
430,ZY,0.2397724682386687,-0.23248750000000004,0.41879999999999995,0.038566981132075476
431,APRN,0.2397724682386687,0.08860769230769232,0.8877,0.038566981132075476
432,BBAR,0.0,0.06516818181818179,-0.424,0.0
433,BVN,0.2397724682386687,-0.03047333333333334,0.7985,0.038566981132075476
434,CNS,0.2397724682386687,0.1000375,0.0,0.038566981132075476
435,FPH,0.21868888888888888,0.005568421052631579,0.6142,0.3182
436,GCI,-0.9559,0.07260701754385963,0.13490000000000002,0.0
437,KB,0.03671666666666667,0.13837777777777777,0.2023,0.0
438,MMI,0.5356000000000001,0.047703125,-0.6808,-0.15360000000000007
439,NL,0.2397724682386687,0.2181409090909091,0.0,0.038566981132075476
440,NMM,0.47998888888888885,0.09897307692307694,0.0,0.10599999999999998
441,ONE,0.2397724682386687,-0.0655375,0.6238,0.038566981132075476
442,PRT,0.2397724682386687,0.30636,0.0,0.038566981132075476
443,SHG,0.2397724682386687,0.20598181818181818,0.0,0.038566981132075476
444,SOGO,0.2397724682386687,-0.07224,0.3612,0.038566981132075476
445,TCS,0.2397724682386687,-0.10412352941176473,-0.8607,0.038566981132075476
446,TEO,0.2397724682386687,-0.04926666666666667,1.1002,0.038566981132075476
447,TGS,0.9477,-0.004869230769230766,0.0,0.0
448,WEI,0.2397724682386687,-0.0466,-0.3659,0.038566981132075476
449,WF,-0.3777,0.11092592592592593,0.4226,-1.1521000000000001
450,YALA,0.2397724682386687,-0.011621052631578935,0.3986,0.038566981132075476
451,ZME,0.2397724682386687,0.35293750000000007,0.5224,0.038566981132075476
452,AAPL,0.24904,-0.05703275862068965,-0.5994,0.5161
453,MSFT,0.165745,-0.04592954545454539,0.0,-0.5046
454,GOOG,0.19056,0.07260781250000001,0.33039999999999997,-0.5046
455,GOOGL,0.16656,0.07577213114754099,0.33039999999999997,-0.5046
456,AMZN,0.089305,0.07243777777777777,0.4961,-0.5046
457,FB,0.2397724682386687,0.07277692307692309,-0.2023,0.038566981132075476
458,TSLA,0.307265,-0.0990109756097561,0.0,-0.043399999999999994
459,NVDA,0.41008500000000003,-0.09583837209302329,-0.5994,-0.6362
460,V,0.31916,-0.05815647058823528,0.732,1.3984
461,JPM,0.20222500000000002,0.06221780821917807,0.4215,1.1961
462,JNJ,0.06753499999999998,-0.06118714285714286,-0.6595,1.6694
463,WMT,0.30792,0.03598472222222223,0.5445,-0.2904000000000001
464,UNH,0.03233000000000001,-0.05937291666666667,0.0,-0.4168
465,PG,0.06749999999999998,0.058885526315789485,1.0773000000000001,0.0
466,HD,0.13691500000000004,0.05805512820512821,0.0,0.8957999999999999
467,BAC,0.281365,0.07702676056338027,0.0,0.6974
468,MA,0.021445000000000002,0.14652441860465112,-0.08899999999999997,0.4183
469,DIS,0.06848000000000001,0.042083333333333334,0.0,-0.03179999999999994
470,PYPL,0.35550000000000004,0.1616383561643836,0.34,-0.2896000000000001
471,ADBE,0.227605,-0.020573333333333353,0.2732,0.6249
472,CMCSA,0.20069000000000004,0.1460827956989247,0.4588,-0.03179999999999994
473,NFLX,0.44030500000000006,0.05689836065573773,-0.7655000000000001,-0.2759
474,PFE,0.26004,0.02151311475409836,-0.2037,1.2196
475,CRM,0.4272600000000001,-0.05713861386138613,0.0,-0.0772
476,NKE,0.18507,-0.07188854166666671,-0.6705,0.3543
477,CSCO,0.20427,0.18126063829787234,0.2795,0.4521
478,KO,0.23684000000000002,0.0846864864864865,-0.2023,-0.15679999999999994
479,ORCL,0.26305999999999996,0.12233611111111115,-1.1684,0.31470000000000004
480,XOM,0.4652600000000001,0.027167647058823526,-0.2763,0.12409999999999999
481,DHR,-0.12398461538461539,0.10015588235294119,-0.2023,-0.401
482,ACN,0.17332499999999998,0.13616756756756757,0.0,-0.5893
483,ABT,0.5303055555555556,0.13798676470588234,0.9181999999999999,-0.5608
484,LLY,0.005630000000000007,0.06175774647887323,0.0,-0.09599999999999997
485,TMO,0.8126,0.13338769230769226,0.0,0.0
486,PEP,0.261215,0.06792500000000001,-0.2023,1.1961
487,AVGO,0.30877499999999997,0.18513239436619713,-0.32460000000000006,1.0327
488,COST,0.20585,0.09385890410958904,-0.2373,1.4569
489,T,0.136205,-0.025756249999999987,0.7184,-0.6148
490,WFC,0.04359,0.18941486486486483,-1.4055,1.1961
491,ABBV,0.30544499999999997,0.0847281690140845,0.0,-0.3612
492,CVX,0.24999500000000002,0.1187089552238806,0.4939,-0.24589999999999995
493,MS,-0.08805499999999997,-0.11761875000000001,-0.1531,0.8976
494,MRK,-0.022114999999999996,0.01550405405405406,0.128,-0.81
495,TXN,0.10836000000000004,0.07766451612903227,0.0,-0.6074999999999999
496,MCD,0.25327500000000003,0.07163043478260869,0.0,-0.802
497,MDT,0.37189999999999995,0.035392957746478874,0.4588,-0.41200000000000003
498,MRNA,0.01842500000000001,-0.06636162790697674,0.1779,-0.6597
499,UPS,0.30435500000000004,0.023893181818181806,0.17149999999999999,-0.19160000000000002
500,NEE,0.243945,0.2578958333333332,0.0,-0.4767
501,PM,0.20176500000000003,0.1332597014925373,0.2023,-0.9343
502,TMUS,0.007594999999999991,0.10235494505494505,-0.8607,0.10860000000000003
503,INTU,0.44035,0.1839830769230769,-0.4576,-0.23970000000000002
504,QCOM,0.104775,0.08454545454545455,0.0,0.656
505,HON,-0.15559,0.20635857142857142,0.0,-0.125
506,C,-0.014295000000000002,0.04734000000000001,0.1531,-1.5186000000000002
507,LOW,0.07826666666666668,0.0495472972972973,-0.2023,0.551
508,CHTR,-0.23320500000000002,0.12598676470588235,-0.5106,0.0016999999999999238
509,BLK,0.13353,0.1006904761904762,-0.836,1.1961
510,BMY,0.3172399999999999,0.11408918918918914,0.0,-0.4308
511,GS,0.046564999999999974,0.04874594594594594,0.21819999999999995,0.4663
512,AMT,0.261945,0.1344440677966102,-0.4511,-0.2693
513,SBUX,0.04682500000000002,-0.01868750000000001,0.6183000000000001,0.01419999999999999
514,SCHW,0.222375,0.09227391304347829,0.0,0.326
515,UNP,0.24549333333333337,0.13868507462686566,0.25,-1.0651000000000002
516,NOW,0.16720000000000002,0.004049350649350642,-0.4214,0.26839999999999997
517,AXP,0.3476399999999999,0.10681764705882353,0.4588,-1.3016
518,AMD,0.50072,0.18416164383561645,0.25,-0.5477
519,RTX,0.015945000000000008,0.14300579710144928,-0.5859,0.5281
520,AMAT,0.22456500000000004,-0.11461157894736845,0.0,-0.1331
521,BA,-0.12698500000000004,-0.07586625,-0.1531,0.8379000000000001
522,ISRG,0.3699666666666666,0.12938030303030304,-0.3818,0.6238999999999999
523,AMGN,0.37695,0.07936760563380284,-0.4215,-0.4446
524,IBM,0.297915,-0.017561445783132533,0.4588,-0.4588
525,TGT,0.35345499999999996,0.08752894736842105,-0.1773,1.0097
526,EL,0.06941499999999999,0.02769012345679012,0.592,-0.021499999999999964
527,CVS,0.20352,-0.07440990099009899,-0.6369,0.6774
528,CAT,0.0016249999999999958,0.08571506849315069,-0.4698,-0.4446
529,GE,0.04555500000000001,0.14782121212121213,0.0,-0.125
530,DE,-0.014129999999999998,-0.06384305555555556,-0.20879999999999999,0.7906
531,SPGI,0.37142857142857144,0.11866268656716418,0.729,0.7804
532,MMM,0.21778124999999995,0.21133239436619713,0.0,0.11399999999999999
533,SQ,0.5233550000000001,-0.17717448979591843,0.7586,0.6146
534,SYK,0.3599,0.2023042857142857,0.6486,0.0
535,TEAM,0.00036000000000000474,0.12367368421052632,-0.296,0.3545
536,PLD,-0.10482222222222222,0.07666567164179106,-0.23820000000000002,-0.8063
537,BKNG,-0.02707777777777778,0.11877534246575346,-0.4215,0.8807
538,ZTS,0.48482000000000003,-0.10156250000000001,0.17949999999999997,0.5267
539,LMT,-0.020030000000000003,0.2514029411764706,0.6249,0.12180000000000002
540,BX,0.3466375,0.05747101449275363,0.6486,0.1490999999999999
541,SNOW,0.175575,0.02534342105263157,0.3182,-0.44809999999999994
542,ANTM,0.2397724682386687,0.5719,0.0,0.038566981132075476
543,MO,0.264245,0.09726029411764707,-1.0187,-0.06889999999999996
544,GILD,0.4270599999999999,0.08287454545454545,0.0764,0.7122
545,LRCX,0.19555,0.1936072463768116,-0.4767,-0.6481
546,USB,0.20771999999999996,0.133806976744186,0.0,-0.41910000000000003
547,MDLZ,0.24053333333333332,0.13301153846153846,0.0,-0.3612
548,TJX,-0.0973769230769231,0.1032887323943662,-0.22709999999999997,-0.035600000000000076
549,MU,0.293255,0.1765057971014493,0.0,-1.125
550,CCI,0.34505,0.08367058823529414,0.0,-0.871
551,HCA,0.25,0.09632388059701492,0.7269,0.0
552,PNC,-0.07971499999999998,0.12529078947368422,-0.7674000000000001,0.11540000000000006
553,MMC,-0.128,0.05789384615384616,-0.4588,0.0
554,CB,0.4404,0.02795,0.0,0.0
555,ZM,0.3332,0.08109571428571427,-0.296,0.022799999999999987
556,COP,-0.017056249999999995,0.1262216216216216,0.6597,-0.3432
557,SHW,0.4140333333333333,0.1294647058823529,-0.1779,-0.7676
558,DUK,0.16987000000000002,0.3257526881720428,0.0,-0.42960000000000004
559,FIS,0.2397724682386687,0.25497796610169493,0.6486,0.038566981132075476
560,EQIX,0.5319,0.02539893617021278,0.4019,0.5174
561,EW,0.06414166666666667,-0.05124874999999999,-0.6486,-0.45990000000000003
562,GM,0.25804499999999997,-0.12919651162790696,-0.6249,1.6587
563,BDX,-0.4019,0.16320972222222227,-0.5106,0.0
564,TFC,0.07696249999999998,0.10755833333333333,-0.2263,1.2730000000000001
565,DELL,0.39848,0.205777027027027,0.374,-0.9132
566,FISV,0.2397724682386687,0.23701250000000001,-0.0772,0.038566981132075476
567,UBER,0.217285,0.11975972222222227,0.0,-0.034600000000000075
568,COF,0.24700000000000003,0.11828857142857144,0.2935,-1.3016
569,MCO,0.50776,0.00896417910447761,-0.4019,-0.041200000000000014
570,CI,0.20639,0.04935211267605634,0.33999999999999997,1.2972
571,SO,0.22412,0.18101538461538455,0.2263,-0.3188
572,CSX,0.07413333333333334,0.14876567164179105,0.0,-1.1782
573,ITW,0.2397724682386687,0.10943529411764706,-0.8494,0.038566981132075476
574,REGN,0.30105499999999996,-0.056726315789473694,-0.4588,-0.09599999999999997
575,FDX,-0.08347999999999997,0.15604948453608244,-0.08579999999999999,1.3202
576,CME,0.7422666666666666,0.07501551724137931,0.0,-0.2694
577,ICE,0.22276500000000002,0.13953382352941177,0.8200000000000001,0.7132
578,DASH,0.19812000000000002,0.16456712328767126,-0.3074,-0.1007
579,AON,0.2397724682386687,0.06772096774193549,0.6597,0.038566981132075476
580,ILMN,-0.41769999999999996,0.11141578947368418,0.0,-0.8571
581,WM,0.5162,-0.18199444444444446,-0.7519,0.6311
582,ADI,0.05352857142857142,0.08098873239436619,-0.23249999999999998,0.2764
583,BSX,0.2397724682386687,0.14518507462686567,-0.7964,0.038566981132075476
584,ECL,0.59155,0.05837656249999997,-0.25,0.1785
585,ETN,-0.20253333333333332,0.2454480519480519,-0.25,-0.9661
586,NSC,0.2863785714285715,0.01907171717171717,0.2023,-0.4103000000000001
587,ADSK,0.4929428571428572,0.027306122448979585,-0.4588,-0.3612
588,D,0.113385,0.3056923076923076,0.0,-0.8976
589,ATVI,0.2397724682386687,0.09142000000000002,0.050400000000000014,0.038566981132075476
590,APD,0.3971636363636364,0.13519152542372884,0.0,0.0
591,EMR,0.7754000000000001,0.1324030303030303,0.0,0.48629999999999995
592,TWLO,0.39353846153846156,0.1346584615384616,-0.04400000000000004,0.9535
593,NOC,0.023785000000000008,0.16621285714285713,0.08570000000000011,-0.125
594,NXPI,0.8661,0.1544507692307692,0.4019,0.0
595,IDXX,0.7845,0.13952857142857145,0.0,0.0
596,ALGN,0.3447,0.09089399999999997,-0.7351,1.1444
597,KLAC,0.09478500000000004,0.10632361111111112,0.1382,-0.0026000000000000467
598,PSA,0.3659,0.0006442307692307666,0.4019,0.049000000000000044
599,GD,-0.16436499999999998,0.25817941176470577,0.8782000000000001,-0.125
600,PGR,0.22354500000000002,0.15671999999999997,0.0,-0.4446
601,JCI,0.2397724682386687,0.06832388059701491,0.0,0.038566981132075476
602,FCX,0.21117,0.107305,-0.3034,-1.5185
603,DOCU,0.44497857142857145,0.09433225806451612,0.0,0.18379999999999996
604,CRWD,0.271115,0.0025873684210526078,0.21409999999999996,-0.4588
605,DXCM,0.132585,-0.023960714285714294,0.0,-0.4446
606,MSCI,0.886,0.0503625,0.0,0.0
607,MET,0.0,0.1189375,0.13420000000000004,0.0
608,CMG,0.34894000000000003,0.2085986301369863,-0.5106,0.6251
609,A,0.6908,0.09989516129032257,-0.5719,0.0
610,LULU,0.14467499999999997,0.013651648351648334,-0.6245,-0.7012
611,INFO,0.2397724682386687,0.2124625,0.6486,0.038566981132075476
612,F,0.4136500000000001,-0.027644318181818187,0.0,-0.1050000000000001
613,WDAY,0.2436,0.24340704225352108,-0.7003,-1.4667
614,HUM,-0.103975,-0.1503,-0.7636,0.6751
615,MRVL,0.3945842105263157,0.16359722222222223,0.0,0.6988
616,SNPS,0.3243714285714286,0.16008245614035085,0.23249999999999998,-0.9751000000000001
617,DG,0.12014500000000002,-0.20654062499999995,1.3176999999999999,-1.3306
618,MNST,0.40164,0.11164246575342467,0.0,0.21039999999999998
619,KDP,0.062166666666666655,0.06306197183098591,0.0,0.2074
620,ROP,0.7267,0.1245,-0.4588,0.0
621,EXC,0.8481,0.21337076923076922,-0.316,0.0
622,IQV,0.2397724682386687,0.15391333333333332,-0.296,0.038566981132075476
623,TWTR,0.2397724682386687,0.40176153846153845,-0.14349999999999996,0.038566981132075476
624,FTNT,-0.05358,0.1369636363636364,0.0,0.5288999999999999
625,VRTX,-0.24928499999999998,0.04400735294117647,-0.3971,0.7669
626,GPN,0.2846,0.19664814814814816,0.17930000000000001,1.2283
627,CARR,0.83105,0.11033731343283583,-0.0721,0.1473
628,EBAY,0.28658,0.16679852941176473,0.5267,1.0032
629,MAR,0.71,0.1958154929577465,-0.5719,0.36660000000000004
630,PANW,0.08930666666666665,0.03369374999999997,-0.6486,-0.10330000000000006
631,CDNS,0.04175000000000001,0.088646875,-0.4767,1.0011
632,AIG,0.7214499999999999,0.11550178571428572,0.0,-0.36950000000000005
633,NEM,0.24791249999999998,0.16336363636363638,0.0,-0.28959999999999997
634,LHX,-0.06929500000000002,0.1369940298507463,0.3182,-0.125
635,APH,0.20602,0.10351250000000001,-0.5423,-0.038500000000000034
636,BK,-0.13566842105263155,0.06614927536231886,0.8481,1.1961
637,DOW,-0.14557,0.1329411764705882,0.4588,-0.2732
638,BIIB,-0.31890999999999997,0.0757144329896907,0.0,0.9878
639,MCHP,0.3694111111111111,0.05128260869565217,0.4215,1.1865999999999999
640,TT,0.722,0.2400180722891567,0.30770000000000003,0.0
641,KHC,0.02120588235294117,0.08426891891891893,-0.5423,1.0339
642,DLR,0.28659,0.19084,0.9125000000000001,-1.2431
643,MTCH,-0.2297,0.0894523076923077,-0.1367,0.0
644,EOG,0.258675,0.06953461538461538,0.128,-0.23670000000000002
645,SPOT,0.4372300000000001,0.12388888888888888,-0.4784999999999999,-0.5297000000000001
646,AEP,0.0,0.09598275862068964,0.10870000000000007,0.0
647,SRE,0.26186,0.2015683333333333,0.5719,-0.8689
648,WBA,0.20525999999999994,0.1220010204081633,0.4588,0.8452000000000001
649,SPG,0.4120499999999999,0.049815384615384616,0.4019,-0.7012
650,RMD,0.0332125,0.03421728395061728,-0.3818,0.09410000000000007
651,BAX,0.0,0.03792950819672131,-0.2873,-0.9878
652,STZ,-0.06043333333333334,0.03825633802816901,0.48020000000000007,1.1961
653,APTV,0.6652142857142858,0.08174920634920635,0.0,-0.6797
654,VEEV,0.39994375000000004,0.15315333333333334,0.4767,0.7505
655,ORLY,0.5859,0.09430000000000001,0.0,0.0
656,MSI,0.6249,0.3082471698113207,-0.06589999999999996,0.0
657,CTAS,0.3861153846153846,0.09694848484848485,0.0,0.5609
658,SLB,0.2086416666666667,0.18366388888888888,0.0,0.25250000000000006
659,ROKU,0.52473,0.13495,-0.0516,1.0001
660,CTSH,0.6731,0.097844776119403,0.0,0.5367999999999999
661,ROST,0.01921111111111111,0.1294153846153846,0.7579,-1.3974
662,RSG,0.25192000000000003,0.13798833333333332,0.6914,-0.4446
663,PAYX,0.49861428571428573,0.10165072463768118,-0.1531,1.2165
664,NET,0.6253333333333333,-0.0743913978494624,-0.7906,-1.0739
665,TRV,0.0,-0.03938507462686567,0.0,0.0
666,SYY,-0.19073333333333334,0.2643515151515151,-0.4596,-1.3941
667,XLNX,0.2397724682386687,0.46904999999999997,-0.14300000000000002,0.038566981132075476
668,EA,0.05135,0.15536857142857144,0.3182,0.1027
669,SBAC,0.3694111111111111,0.10411228070175439,0.5106,1.1865999999999999
670,ALL,-0.1455,0.010989552238805966,0.0,0.6215999999999999
671,PXD,0.2397724682386687,-0.0415375,0.0,0.038566981132075476
672,OTIS,0.2397724682386687,0.15150350877192983,0.0,0.038566981132075476
673,MPC,0.3665647058823529,0.008889473684210518,0.0,-0.7906
674,YUM,0.2397724682386687,0.23617282608695647,-0.6808,0.038566981132075476
675,KKR,0.280405,0.04025362318840581,0.891,-0.4446
676,PH,0.6697,0.127511320754717,0.25,0.3323
677,ZS,0.27893500000000004,0.16207808219178083,-0.7096,-1.125
678,OKTA,0.4616470588235294,0.10492388059701492,-0.21739999999999998,1.7046000000000001
679,U,0.36189000000000004,0.029872307692307677,-0.4019,1.1823000000000001
680,DFS,0.35041,0.019577464788732377,0.0,-1.3016
681,ROK,0.28302,0.11836515151515155,0.0,-0.5718000000000001
682,WELL,0.6018399999999999,0.08449180327868853,0.0,-0.3294
683,AFL,0.23753333333333332,0.12666410256410263,0.2263,-0.7363999999999999
684,HLT,0.8933,0.135015873015873,-0.2023,0.0
685,DD,-0.21661666666666668,0.12229384615384614,0.7063,-0.401
686,HSY,-0.012975000000000014,0.036977333333333334,-0.24230000000000002,0.3612
687,IFF,0.45355,0.150346,-0.4019,0.14629999999999993
688,CNC,0.114385,0.23643698630136983,0.0,-0.4446
689,PPG,0.9052,0.17513281249999998,0.296,0.0
690,GIS,-0.06585882352941175,0.036316666666666664,-0.2023,-0.177
691,EPAM,0.2397724682386687,-0.11503424657534245,0.0,0.038566981132075476
692,XEL,0.05283333333333334,0.34086904761904746,0.0,-0.15039999999999998
693,CPRT,-0.16620000000000001,-0.03442,0.5719,1.3202
694,CSGP,0.0516,0.11647580645161291,0.4019,0.0
695,ADM,0.012874999999999998,0.0598455882352941,0.4588,-1.0278
696,FRC,0.2397724682386687,0.0605625,0.3818,0.038566981132075476
697,AZO,0.24415000000000003,0.11887678571428571,-0.4767,0.8878999999999999
698,TDG,-0.12080500000000001,0.1233189655172414,0.2023,0.16809999999999997
699,SIVB,0.2397724682386687,0.0,0.0,0.038566981132075476
700,ODFL,0.310975,0.013551923076923076,0.25,1.2854999999999999
701,CMI,0.6689611111111111,0.21924567901234565,0.4019,0.9428
702,PINS,0.36071499999999995,0.1467144927536232,-1.0582,-0.5008999999999999
703,WST,0.2397724682386687,0.04541612903225806,0.3182,0.038566981132075476
704,DDOG,0.31027499999999997,0.20239032258064518,0.0,0.6249
705,AWK,-0.4767,0.011833333333333331,0.4588,0.0
706,MDB,0.2643357142857143,-0.06091333333333335,-0.19959999999999997,0.6249
707,EFX,0.2397724682386687,0.05951764705882353,-0.6486,0.038566981132075476
708,KEYS,-0.14755,0.15238358208955224,0.1779,-0.9751000000000001
709,VRSK,-0.296,0.04290350877192984,0.0,0.0
710,GLW,0.404775,0.1883714285714286,0.0,-0.3612
711,NDAQ,0.21547894736842105,0.054400000000000004,0.0,0.7132
712,CBRE,0.2397724682386687,0.14994545454545455,-0.056900000000000006,0.038566981132075476
713,GRMN,0.049925,0.15283333333333335,-0.4588,-0.11460000000000004
714,ANSS,0.08703333333333335,0.19246249999999998,-0.3182,1.1913
715,MCK,0.35449,0.028218333333333342,0.0,-1.1508
716,HPQ,0.235325,0.1181943661971831,0.2023,-0.47370000000000007
717,NUE,0.46095500000000006,0.0006206349206349213,0.4019,-0.2005
718,HUBS,0.20179,0.2117625,-0.2023,-0.4446
719,PEG,0.2397724682386687,0.10714615384615385,-0.3182,0.038566981132075476
720,DHI,-0.023130000000000005,0.12780285714285716,-0.1562,-0.4446
721,LYB,0.4395285714285714,0.23614833333333324,-0.4588,-0.15700000000000003
722,LBRDA,-0.13470999999999997,0.34310909090909086,0.5267,-0.42230000000000006
723,LBRDK,-0.13470999999999997,0.37409999999999993,-0.23120000000000007,-0.42230000000000006
724,CTVA,0.02374444444444448,0.18956603773584904,1.0388,0.7142
725,AVB,0.12658,0.05958103448275861,-0.4019,-0.08149999999999996
726,WMB,0.41291,0.048664406779661024,0.3612,0.5008999999999999
727,AJG,0.026800000000000008,0.11805263157894735,0.4588,1.1437
728,ZBRA,0.2397724682386687,0.24252750000000006,0.2263,0.038566981132075476
729,FAST,0.7554000000000001,0.004924999999999994,0.128,-0.09130000000000005
730,AMP,0.73645,0.08879019607843139,0.2023,-0.07229999999999992
731,TTD,0.40885,0.09381694915254235,0.7096,-0.6131
732,EQR,-0.04727857142857141,0.025103333333333335,-0.4019,0.30749999999999994
733,WLTW,0.2397724682386687,0.42987500000000006,-0.32780000000000004,0.038566981132075476
734,ZBH,0.0,0.013582142857142857,0.128,0.0
735,BLL,0.2397724682386687,0.7184,0.0,0.038566981132075476
736,AME,0.7461,0.07417714285714286,-0.5206,0.0
737,ARE,-0.0013583333333333225,0.0381864864864865,0.4019,0.6646000000000001
738,SWK,-0.16620000000000001,0.1854818181818182,0.0,1.3202
739,LEN,0.552575,-0.056155714285714295,-0.20879999999999999,0.16590000000000005
740,STT,-0.06187058823529411,0.07525294117647059,0.5859,0.8976
741,ES,-0.1996,0.21170408163265303,-0.2732,-0.5516
742,PCAR,0.501411111111111,-0.019883333333333322,0.7717,0.48019999999999996
743,SWKS,0.2659526315789474,0.07461276595744681,0.1531,0.0028000000000000247
744,LVS,0.15188000000000001,0.10751518987341772,-0.018399999999999972,-0.4215
745,WEC,0.2397724682386687,0.30684615384615366,0.0,0.038566981132075476
746,PSX,0.181915,0.019064516129032257,0.0572,-0.4937
747,LH,0.6249,0.10567500000000002,-0.1285,0.0
748,LUV,0.094465,0.11118333333333331,0.0,-0.23320000000000002
749,PTON,0.09297999999999998,0.049504109589041084,-0.296,1.0461
750,PAYC,0.6138111111111111,0.12430545454545455,0.0,1.1302
751,LSXMA,0.2397724682386687,0.37595000000000006,-0.3818,0.038566981132075476
752,LSXMK,0.2397724682386687,0.37595000000000006,-0.3818,0.038566981132075476
753,FWONK,0.0,0.48347804878048783,-0.25160000000000005,0.0
754,FWONA,0.0,0.4711254901960784,-0.25160000000000005,0.0
755,GNRC,-0.021971428571428562,0.16267812500000003,0.0,-1.2923
756,FITB,0.2542,0.1738865671641791,0.7224,1.2730000000000001
757,TSN,0.06281111111111111,-0.01198026315789473,-0.5004,-0.3188
758,SGEN,0.2397724682386687,0.061759999999999995,-0.7351,0.038566981132075476
759,ANET,0.32303333333333334,0.10745517241379311,0.0,-0.5101
760,ETSY,0.29912,0.04823749999999998,-0.0258,0.00649999999999995
761,SYF,0.28653,0.08545507246376813,0.0,-1.3016
762,BILL,0.47065,0.07769166666666666,-0.015100000000000002,-0.3321
763,ALB,0.17243000000000003,0.10935238095238098,-0.34940000000000004,0.0464
764,VLO,0.31694999999999995,0.12902903225806447,0.2691,0.9835
765,VFC,0.10609090909090907,0.09153150684931508,0.0,-0.7459
766,BBY,0.10503333333333335,0.4917202702702703,0.4459,-1.3974
767,CDW,0.30256666666666665,0.138284375,0.8718000000000001,-1.3406
768,FTV,0.2397724682386687,0.14508545454545457,0.04769999999999999,0.038566981132075476
769,O,0.32728,0.056866037735849057,0.0772,-1.825
770,IT,0.7726,0.11674375,0.0,0.0
771,WY,0.45438333333333336,0.058450980392156834,-0.4019,-0.358
772,VIAC,0.2397724682386687,0.29095,0.4939,0.038566981132075476
773,ABC,0.2397724682386687,-0.03257500000000001,0.7606,0.038566981132075476
774,OXY,0.16608,0.02725342465753425,0.5678000000000001,0.5859
775,BKR,0.026049999999999962,0.07531830985915494,0.128,1.3653
776,KSU,0.2397724682386687,0.29095,0.4939,0.038566981132075476
777,CCL,0.22592500000000001,0.17368904109589037,-0.4404,-0.19599999999999995
778,DAL,0.39338,0.06336249999999999,-0.4404,1.1961
779,WAT,0.2397724682386687,0.15944358974358971,-0.5106,0.038566981132075476
780,VRSN,0.27018333333333333,0.11658571428571428,0.0,-1.5349
781,AVTR,0.2397724682386687,0.14851296296296296,-0.34,0.038566981132075476
782,OKE,0.27186,0.04591724137931036,0.5739,0.2503
783,URI,-0.296,0.40364423076923084,-0.4754,0.0
784,EXR,0.3145,0.03708461538461538,0.4019,-1.3114
785,SPLK,0.2397724682386687,0.2865923076923077,0.10550000000000004,0.038566981132075476
786,SIRI,-0.018745000000000015,0.13131451612903228,-0.3182,0.8065
787,HIG,-0.24735625,0.07729464285714285,0.0,-0.38239999999999996
788,PCG,0.2202,0.17629848484848484,-0.25649999999999995,-0.4404
789,YUMC,0.5626833333333333,0.13195161290322574,0.08879999999999999,0.26549999999999996
790,XYL,0.17694000000000001,0.1526847826086956,-0.2732,-0.4446
791,DOV,0.3595,0.18311791044776116,0.25,0.0
792,DKNG,0.010179999999999995,-0.10159782608695651,-1.1115,-0.5423
793,HZNP,0.2397724682386687,0.08895,0.1779,0.038566981132075476
794,COO,0.2397724682386687,0.16687959183673468,0.0,0.038566981132075476
795,CTLT,0.2397724682386687,-0.07425161290322581,-0.4588,0.038566981132075476
796,BIO,0.0,0.12213333333333332,-0.4588,-0.4588
797,TSCO,0.194855,0.11563478260869564,0.39360000000000006,1.0583
798,INVH,0.6252000000000001,-0.0075903225806451665,-0.4019,-0.23109999999999997
799,VMC,0.29688333333333333,0.01930491803278689,0.2023,-0.6597
800,TRMB,0.2397724682386687,0.1331607142857143,0.056900000000000006,0.038566981132075476
801,IR,0.49455000000000005,0.13975,-0.04769999999999999,0.25
802,NTRS,-0.3445714285714286,0.3967506849315069,0.0,0.34759999999999996
803,CZR,0.008122222222222229,0.213575,0.0,0.40319999999999995
804,SUI,0.58351,-0.15107666666666664,0.6338999999999999,0.9711
805,MPWR,0.39138,0.01444523809523809,0.0,-0.5244
806,ETR,0.2397724682386687,0.25794390243902426,0.8200000000000001,0.038566981132075476
807,PPL,-0.12245000000000002,0.05822272727272728,-0.2716,1.4481
808,DTE,0.4136,0.23412545454545447,0.0,0.4226
809,IP,0.5167,0.19598607594936712,-0.25,0.38180000000000003
810,DISH,0.2397724682386687,0.4003769230769231,0.6124,0.038566981132075476
811,ZG,0.060275,0.1326732394366197,0.0,-0.9461
812,TRU,0.2397724682386687,0.17653472222222222,-0.25,0.038566981132075476
813,MLM,0.2397724682386687,-0.004143181818181829,0.3818,0.038566981132075476
814,HES,-0.05123999999999999,0.021939436619718318,0.0,1.291
815,EIX,-0.11079999999999998,0.10460576923076921,0.0,0.28990000000000005
816,KMX,-0.06894999999999998,0.07874571428571428,-0.4019,0.7755
817,ALNY,0.4696,0.05708281250000001,0.0,0.0368
818,HBAN,0.31246875,-0.1450103448275862,-0.4588,0.4215
819,CRL,0.2397724682386687,-0.08480491803278688,-0.14060000000000006,0.038566981132075476
820,EXPE,0.27408,0.08925194805194803,-0.18070000000000003,0.557
821,MAA,0.3470916666666666,0.03920877192982457,-0.4019,0.03149999999999997
822,AEE,0.29952500000000004,0.12350930232558138,0.0,0.8673
823,CERN,0.2397724682386687,0.3187375,0.6124,0.038566981132075476
824,K,0.5709,-0.06942028985507247,-0.6339,0.0
825,VTR,0.0,0.11632033898305086,-0.4019,0.0
826,UPST,0.24773500000000004,0.04563623188405797,0.0,-0.4365
827,FLT,0.2397724682386687,0.1531,0.0,0.038566981132075476
828,GWW,-0.0556,0.07081052631578948,0.0743,-0.0942
829,STE,0.2397724682386687,0.08418484848484847,0.0,0.038566981132075476
830,W,0.09703684210526316,0.04190000000000001,0.0,0.631
831,TDOC,0.23411249999999997,0.018731182795698926,0.5719,0.802
832,ESS,0.9214,0.33710370370370374,-0.4019,0.0
833,RCL,0.4365263157894737,0.10769393939393941,0.2381,-0.8496
834,ON,0.1502,0.12490392156862745,0.0,1.5001
835,PKI,0.2397724682386687,-0.009312499999999987,-0.5719,0.038566981132075476
836,ENPH,0.31501500000000004,0.10491666666666666,-0.2732,-0.3968
837,NTAP,0.2397724682386687,0.18657941176470585,-0.24170000000000003,0.038566981132075476
838,TECH,0.2397724682386687,0.22758837209302327,-0.609,0.038566981132075476
839,FE,0.13813333333333333,0.10337878787878789,0.0,0.6486
840,CHD,0.2397724682386687,-0.0016783333333333335,-0.5574,0.038566981132075476
841,DVN,-0.02887500000000002,0.2311292307692307,0.7624,1.6255
842,ULTA,0.350775,0.4090957746478873,0.2041,-0.444
843,FOX,-0.1596,0.002732876712328763,0.0772,-1.8502999999999998
844,FOXA,0.01965,-0.009819178082191803,0.0772,1.4095
845,TER,0.45902000000000004,0.016400000000000005,-0.128,0.1562
846,DT,0.43101666666666666,0.18255166666666664,0.4588,-0.5699
847,TDY,0.15216666666666664,0.18978148148148147,0.4462,0.7088
848,KEY,-0.06548124999999998,0.2524936170212766,0.7096,-1.7053
849,PODD,0.6249,0.13570298507462683,1.0957,0.0
850,QRVO,-0.015416666666666648,0.10404583333333335,-0.1531,1.157
851,DLTR,0.20063333333333333,-0.103076,0.6369,-0.631
852,BR,0.2397724682386687,0.1565261904761905,0.4404,0.038566981132075476
853,HOLX,0.2397724682386687,0.08222499999999999,0.0,0.038566981132075476
854,UI,0.21806666666666666,0.13738823529411762,0.12880000000000008,-0.9524000000000001
855,MGM,0.03354285714285716,0.11976086956521739,-0.4588,-1.7296
856,DRI,0.3383333333333333,0.0633304347826087,0.5267,-1.2149
857,BSY,0.2397724682386687,0.16531666666666667,-0.5106,0.038566981132075476
858,BURL,0.967,0.21972131147540988,-0.11699999999999999,0.0
859,DRE,0.2397724682386687,0.20779999999999998,0.0,0.038566981132075476
860,POOL,-0.3382,0.06075853658536585,0.0,0.0
861,AMCR,0.2397724682386687,0.1147622641509434,0.10870000000000007,0.038566981132075476
862,TYL,0.2397724682386687,0.1546186440677966,0.0,0.038566981132075476
863,DGX,0.2397724682386687,0.20080119047619044,0.0,0.038566981132075476
864,PEAK,0.2397724682386687,0.24010833333333337,0.0,0.038566981132075476
865,LYV,-0.5267,0.12475199999999996,0.24150000000000005,0.0
866,ALLY,0.28043500000000005,0.07231428571428572,0.0,1.5186000000000002
867,RF,0.40834210526315795,0.18721500000000002,0.0,-0.32230000000000003
868,CINF,-0.22183846153846154,0.12581851851851852,-0.6486,-0.38239999999999996
869,RJF,0.22153333333333333,0.15444561403508772,0.0,0.24669999999999997
870,CFG,0.2542,0.10640281690140845,0.0,1.2730000000000001
871,DPZ,-0.09065000000000001,0.06547023809523812,0.0499,1.1961
872,HAL,0.7101999999999999,0.05180428571428571,0.4046,-0.10199999999999998
873,AVY,0.2397724682386687,0.19280444444444444,-0.1779,0.038566981132075476
874,ROL,0.68285,0.1556967741935484,0.0,-0.7226
875,AKAM,0.8807,0.07860000000000003,-0.5719,0.0
876,SSNC,0.2397724682386687,0.10017500000000001,0.5574,0.038566981132075476
877,CMS,0.47442222222222225,0.358532727272727,-0.4698,-0.0428
878,TFX,0.44895,0.20299807692307692,0.9898,0.8979
879,VICI,0.328775,0.13520638297872342,0.0,0.5948
880,JBHT,0.2397724682386687,0.04561692307692307,0.25,0.038566981132075476
881,EXAS,-0.041549999999999976,0.1903618181818182,-0.07700000000000001,-0.814
882,WDC,0.5778555555555556,0.11146065573770493,0.0,0.43339999999999995
883,HPE,0.22015000000000004,0.08490694444444448,0.0,-1.4064999999999999
884,CG,0.045225000000000015,0.05016029411764707,0.0,1.6962000000000002
885,COUP,0.2397724682386687,0.1217,0.0,0.038566981132075476
886,RNG,-0.20489999999999997,0.10293508771929825,-0.7269,-0.734
887,TTWO,0.5014333333333333,0.02289701492537314,0.0,0.14739999999999998
888,GPC,0.30516249999999995,0.005037837837837836,0.128,1.6358000000000001
889,ENTG,0.2397724682386687,0.187628,0.4588,0.038566981132075476
890,PFG,0.2397724682386687,0.058022641509433974,0.7717,0.038566981132075476
891,J,0.10386666666666666,0.21601594202898547,0.6979,1.3202
892,MTB,-0.08651333333333334,0.05810845070422533,-0.7547999999999999,0.0
893,NVR,-0.05105,0.146424,-0.0772,0.7837
894,BXP,0.23192499999999996,0.06803492063492063,-0.4019,0.6980999999999999
895,NVAX,0.14086666666666664,0.1002666666666667,0.6369,0.0
896,BBWI,0.2235,0.08054761904761903,0.4019,0.0
897,WAB,0.2397724682386687,0.020361904761904765,0.0,0.038566981132075476
898,CE,-0.31910000000000005,0.07885599999999998,0.0,-0.5866
899,MKL,-0.341,0.09278055555555556,0.4588,0.0
900,IEX,0.2397724682386687,0.025136734693877536,0.0,0.038566981132075476
901,LYFT,0.44052222222222226,0.19210545454545452,0.7363999999999999,0.27830000000000005
902,VTRS,0.185395,0.04609821428571429,-0.4019,-0.3603
903,PWR,0.6120749999999999,0.16537037037037036,-0.128,-0.032099999999999906
904,PPD,0.2397724682386687,0.0665,0.1779,0.038566981132075476
905,RGEN,-0.0708,0.09152363636363636,0.0,0.0
906,INCY,-0.4588,0.13703538461538464,0.2263,0.0
907,RPRX,0.48650000000000004,0.18804166666666666,0.09519999999999995,-0.04090000000000005
908,HEI,-0.03140500000000003,0.13927222222222224,0.3182,-0.5792999999999999
909,BRO,0.2397724682386687,0.15501875,-0.4588,0.038566981132075476
910,MKTX,0.2397724682386687,0.08427407407407408,0.0,0.038566981132075476
911,CDAY,0.2397724682386687,0.0665,0.1779,0.038566981132075476
912,ABMD,0.2397724682386687,0.19775384615384617,0.1779,0.038566981132075476
913,AES,0.4304666666666667,0.12468979591836737,0.0,-0.11839999999999995
914,CAG,0.246475,0.0281,0.3291,1.1961
915,UDR,0.2397724682386687,0.09285660377358489,-0.4019,0.038566981132075476
916,CGNX,0.2397724682386687,0.09632285714285714,0.17949999999999997,0.038566981132075476
917,OMC,0.2397724682386687,0.1549578947368421,-0.6597,0.038566981132075476
918,AVLR,0.2397724682386687,0.0412125,0.0,0.038566981132075476
919,VMW,0.2397724682386687,0.0412125,0.0,0.038566981132075476
920,TXT,0.6901666666666667,0.024361666666666667,0.296,-0.8216000000000001
921,CLR,0.2397724682386687,-0.1323,0.0,0.038566981132075476
922,ACGL,-0.296,0.10397407407407407,0.3182,0.0
923,MOH,0.3970666666666667,0.07227192982456139,-0.8494,0.9380999999999999
924,CLVT,0.2397724682386687,0.026655555555555557,-0.25,0.038566981132075476
925,LKQ,0.891,0.08717708333333335,-0.5023,0.0
926,CVNA,0.097025,0.11561830985915496,0.4767,0.2023
927,ELAN,0.8312999999999999,-0.13340947368421052,0.19379999999999997,0.08740000000000003
928,NLOK,0.2397724682386687,-0.0347875,0.2023,0.038566981132075476
929,CPT,0.2347,0.21039245283018868,0.9125000000000001,0.0
930,ELS,0.8617,0.13239122807017548,0.5839,0.0
931,CAH,0.0,0.05191470588235293,0.0,0.0
932,MASI,0.019299999999999998,0.1961662790697674,-0.4939,1.7610000000000001
933,PCTY,0.4138833333333333,0.18464727272727272,-0.4939,0.7084
934,CNP,-0.13702499999999998,0.09090602409638554,-0.18979999999999997,-0.3577
935,EVRG,0.64445,0.04532941176470588,-0.5267,0.26769999999999994
936,LNT,0.2397724682386687,0.29635897435897424,0.0,0.038566981132075476
937,IPG,0.47433999999999993,-0.011601694915254243,-0.4588,1.1865999999999999
938,FANG,0.37566000000000005,0.16280985915492954,0.2023,-0.7044
939,PTC,0.2397724682386687,0.18115135135135133,0.3818,0.038566981132075476
940,ESTC,0.45260909090909096,-0.14884065934065932,0.9186000000000001,-0.7785
941,CCK,0.2397724682386687,0.15428676470588237,0.4767,0.038566981132075476
942,RH,0.23157058823529414,0.018447297297297292,-0.21760000000000007,-0.7088
943,ZEN,0.2397724682386687,-0.09328749999999998,-0.4019,0.038566981132075476
944,MAS,0.17694000000000001,0.1288711111111111,-0.27669999999999995,-0.4446
945,EMN,0.2397724682386687,0.10879764705882351,0.4019,0.038566981132075476
946,ACI,0.018514999999999997,0.07387625,-0.3818,0.5
947,UAL,0.17894545454545457,0.19369753086419753,0.40559999999999996,-0.8977
948,BMRN,0.20391818181818183,0.19369999999999996,0.3308,0.4019
949,NDSN,0.2397724682386687,0.07886410256410258,0.802,0.038566981132075476
950,TXG,0.2397724682386687,0.10109807692307692,0.0,0.038566981132075476
951,PLUG,0.11440000000000002,0.093505376344086,0.4939,0.23959999999999998
952,WPC,0.30744,-0.024636231884057985,0.2039,-0.025600000000000005
953,CTXS,0.2397724682386687,-0.02003749999999999,0.4939,0.038566981132075476
954,HWM,-0.17845384615384619,0.10165555555555557,0.3182,1.0695999999999999
955,WSM,-0.5147,0.09104794520547946,0.0,0.0
956,WHR,0.4071947368421052,0.20224861111111112,-0.11020000000000008,0.7078
957,XRAY,0.2397724682386687,0.07280253164556963,-0.6808,0.038566981132075476
958,WRK,0.2397724682386687,-0.02003749999999999,0.4939,0.038566981132075476
959,FND,-0.21665,0.10601718750000001,0.2732,-0.4333
960,HAS,0.01960909090909093,0.06490615384615384,-0.4019,-0.3188
961,ATH,0.2397724682386687,0.076925,-0.836,0.038566981132075476
962,KIM,0.08493750000000001,0.10513454545454544,-1.1022,-0.3188
963,LDOS,0.5917666666666667,0.2348921052631579,0.5574,0.009099999999999997
964,DISCA,0.2397724682386687,-0.02003749999999999,0.4939,0.038566981132075476
965,STLD,0.15622000000000003,0.18421311475409827,0.07089999999999999,1.2562
966,NVCR,0.2397724682386687,0.1098909090909091,0.128,0.038566981132075476
967,FNF,0.23570000000000002,0.11639722222222221,0.4588,0.7274
968,AMH,-0.8689,0.09108200000000002,0.0,0.0
969,IRM,0.3963529411764706,0.09951388888888889,-0.9285999999999999,-0.7588
970,GLOB,0.47433999999999993,0.17728909090909087,0.296,1.1865999999999999
971,GGG,0.128,0.09831914893617022,-0.296,0.0
972,MHK,0.2397724682386687,0.08225918367346938,0.25,0.038566981132075476
973,AAP,0.34592000000000006,-0.042594827586206904,0.0,0.0907
974,PNR,0.2397724682386687,0.09200714285714284,0.0,0.038566981132075476
975,NWSA,0.3190416666666666,0.14854776119402982,0.3083,-0.6251
976,BRKR,0.17029999999999998,0.14165744680851064,-0.024499999999999966,1.3206
977,GH,0.2397724682386687,0.16227272727272732,0.5267,0.038566981132075476
978,MOS,-0.09004375000000006,0.05211153846153846,0.0,0.5589
979,DVA,0.4767,0.09504791666666668,0.4309,0.0
980,WRB,-0.05205454545454546,0.18095263157894742,-0.7269,-0.3025
981,ARES,0.4574285714285714,0.06667246376811595,0.3612,-0.4893
982,FICO,0.44340000000000007,0.3352850746268655,-0.19240000000000007,0.038500000000000034
983,FMC,0.128,0.07951904761904764,0.6486,0.0
984,JKHY,0.305425,0.17047966101694914,-0.7178,-1.3380999999999998
985,FFIV,0.2397724682386687,0.1280290909090909,0.0,0.038566981132075476
986,AAL,0.15996666666666665,0.052918556701030905,0.0,0.0726
987,GDDY,0.2932166666666667,0.05975844155844156,0.0,-1.3967
988,LNC,0.38714499999999996,0.022958108108108104,0.4215,-0.7068
989,DAR,0.8122,0.5539891304347824,0.0,0.0
990,OSH,0.2397724682386687,0.18811538461538466,-0.09139999999999993,0.038566981132075476
991,NLY,0.36511,0.0521,0.1562,-0.6214
992,ALLE,0.2397724682386687,0.08109183673469388,0.25,0.038566981132075476
993,TREX,0.2397724682386687,0.006726315789473665,-0.6249,0.038566981132075476
994,UHS,0.2397724682386687,0.16867118644067794,0.6908,0.038566981132075476
995,PHM,-0.28253333333333336,0.06614000000000002,0.0,0.11850000000000005
996,JLL,0.2397724682386687,0.1768702702702703,-0.1531,0.038566981132075476
997,QGEN,0.7574,0.14394363636363636,0.3182,0.0
998,EQH,-0.9649,0.08716875000000002,0.0,0.0
999,AGL,0.9572,-0.06781199999999996,-0.4588,0.0
1000,MPW,0.08255499999999998,0.1994015873015873,-0.09000000000000002,-0.5873999999999999
1001,DECK,-0.3880666666666667,0.11731014492753623,0.0,1.6385
1002,PENN,0.18436666666666665,0.18200192307692303,-0.25379999999999997,1.2678
1003,CABO,-0.1027,0.1458391304347826,-0.5663,0.0
1004,CHRW,0.2397724682386687,0.07764912280701754,-0.25,0.038566981132075476
1005,WIX,0.5918,0.08691272727272727,0.0,-0.010699999999999932
1006,ATUS,0.04438750000000001,0.018690000000000002,-0.8406,-0.5195
1007,SNA,0.296,0.3021148148148149,0.3818,0.0
1008,HST,0.8276,0.05637692307692309,-0.9285999999999999,0.0
1009,IVZ,0.2397724682386687,0.07325538461538462,0.34,0.038566981132075476
1010,MTN,0.22212222222222222,-0.0006448979591836727,-0.2023,0.296
1011,ATO,0.2732,0.30133714285714275,0.0,0.0
1012,LPLA,0.2397724682386687,-0.033297894736842124,-0.13849999999999996,0.038566981132075476
1013,AXON,0.16977333333333336,0.062314999999999975,0.3182,1.3202
1014,REG,0.43986250000000005,0.12864,-1.1022,-0.8225
1015,BKI,0.2397724682386687,0.24581999999999998,-0.4019,0.038566981132075476
1016,WTRG,0.05166470588235296,0.16631212121212124,0.0,0.8768
1017,RHI,0.2397724682386687,0.13098679245283015,0.0,0.038566981132075476
1018,PLTK,0.47433999999999993,0.18340909090909088,0.4588,1.1865999999999999
1019,CLF,0.28386999999999996,0.03818333333333333,-0.4215,-0.49210000000000004
1020,BG,0.19276666666666667,-0.030881578947368416,-0.3543,-1.4926
1021,GLPI,0.4705100000000001,0.15472931034482756,0.7003,0.18530000000000002
1022,WLK,0.4144,0.14351600000000003,0.0,0.0
1023,NTRA,0.7464999999999999,0.04152203389830509,0.0,0.1736000000000001
1024,AFG,0.817,0.06495714285714287,-0.2023,0.23339999999999994
1025,IAC,0.2878,0.043265909090909084,0.4588,0.0
1026,TPR,0.2178166666666667,0.09041046511627904,-0.1531,0.2138
1027,FIVN,0.2397724682386687,0.08782413793103448,0.7125,0.038566981132075476
1028,FSLR,0.0714,0.14401999999999998,0.0,0.28650000000000003
1029,AOS,0.2397724682386687,0.0672711111111111,-0.296,0.038566981132075476
1030,BLDR,0.06715,0.0736984126984127,0.0,-0.03510000000000002
1031,HSIC,0.2397724682386687,0.09874615384615383,1.2634,0.038566981132075476
1032,BAH,0.2397724682386687,0.114575,0.11370000000000002,0.038566981132075476
1033,WSO,0.2397724682386687,0.07573461538461539,-0.7218,0.038566981132075476
1034,STNE,0.17084000000000002,0.1181418181818182,0.3182,-1.3661
1035,NRG,0.4535571428571429,0.31747611940298487,-0.07919999999999994,0.0
1036,PEGA,0.47433999999999993,0.18018035714285716,-0.4588,1.1865999999999999
1037,NWL,0.4404,0.16174642857142857,-0.25,0.0
1038,CHGG,0.201485,-0.06570952380952379,0.4767,0.7482
1039,TRGP,0.14779473684210528,0.1560327272727273,0.2023,-1.7226
1040,CUBE,0.2397724682386687,0.031918367346938765,-0.7906,0.038566981132075476
1041,PEN,0.5361,0.16716071428571427,0.0,0.3454
1042,BWA,0.0,0.08127536231884058,0.128,0.0
1043,EWBC,0.2397724682386687,0.1336135593220339,0.15189999999999998,0.038566981132075476
1044,CF,0.329,0.06613703703703704,-0.1531,-0.7612
1045,HUBB,0.2397724682386687,0.13124761904761903,0.13179999999999997,0.038566981132075476
1046,WAL,-0.09863333333333332,0.391868115942029,-0.6697,0.19389999999999996
1047,SCI,0.2397724682386687,0.20320857142857146,-0.4588,0.038566981132075476
1048,MANH,0.4404,0.053263157894736846,0.0,0.0
1049,FIVE,0.14420000000000002,-0.12012391304347828,0.0,-0.4446
1050,DOX,0.30388333333333334,0.23252857142857147,-0.5364000000000001,-1.3327
1051,OPEN,0.07141,0.11777555555555559,-0.6369,-0.7964
1052,RPM,0.257725,0.017238181818181826,0.0,0.11939999999999995
1053,CSL,0.201115,0.2368,0.4588,0.9451
1054,TAP,0.572975,0.04817464788732395,0.128,0.336
1055,CREE,0.2397724682386687,0.26955000000000007,-0.6486,0.038566981132075476
1056,WYNN,0.10863333333333332,0.031505797101449275,0.7363999999999999,-1.4830999999999999
1057,GWRE,-0.0772,0.13838840579710143,-0.4019,0.0
1058,MRO,0.03483333333333335,-0.034762337662337675,-0.2381,1.0891000000000002
1059,AGCO,-0.8807,0.14455555555555555,-0.18330000000000002,0.0
1060,CMA,0.2542,0.12698115942028984,-1.0805,1.2730000000000001
1061,LAD,0.2397724682386687,0.10236170212765955,0.2023,0.038566981132075476
1062,OC,0.007700000000000012,0.07317121212121212,-0.0232,0.933
1063,LSI,0.2397724682386687,0.19743076923076922,0.0,0.038566981132075476
1064,DBX,0.7345,0.02893333333333331,-0.5267,0.0
1065,TPL,0.39817,0.13650344827586208,-0.04769999999999999,-0.19899999999999995
1066,MIDD,0.2397724682386687,0.2978516129032259,0.3818,0.038566981132075476
1067,SYNH,0.2397724682386687,0.46904615384615383,0.0,0.038566981132075476
1068,AA,0.265,0.06226470588235295,-0.6962,-0.5556
1069,AIZ,0.9931,0.08361666666666666,0.1027,0.0
1070,LAMR,0.4404,0.060148387096774183,0.1531,0.0
1071,LEA,0.1252,0.08919824561403508,0.128,-1.0906
1072,ACM,0.2397724682386687,0.0542968253968254,0.0,0.038566981132075476
1073,RS,0.2397724682386687,-0.06792368421052632,0.4019,0.038566981132075476
1074,PLAN,0.2397724682386687,0.13390000000000002,-0.4588,0.038566981132075476
1075,XPO,0.04860000000000001,0.09197288135593219,0.25,-0.9259
1076,NI,0.0258,0.20524210526315792,-0.4588,0.0
1077,G,0.2397724682386687,0.2609315789473684,0.10930000000000006,0.038566981132075476
1078,ZION,0.6538666666666667,0.0820402985074627,0.128,-0.41910000000000003
1079,TPX,-0.7343,-0.08796250000000001,-0.4019,0.0
1080,GL,0.76176,0.011923170731707313,0.0,0.2509
1081,FRT,0.46543999999999996,0.16370425531914895,0.0,0.06269999999999998
1082,STOR,0.2397724682386687,0.21415384615384614,0.121,0.038566981132075476
1083,OLED,0.3131,0.2728864864864865,-0.4767,-0.9393
1084,COLD,0.5687666666666668,0.3112651162790698,0.18969999999999998,0.7137
1085,IPGP,0.0,-0.02951379310344827,0.6369,0.0
1086,UTHR,0.25354999999999994,0.30159298245614036,0.5317,-0.19689999999999996
1087,SMAR,0.15660000000000002,-0.11206285714285712,0.7739,-0.63
1088,JBL,0.6840999999999999,0.051767187499999985,-0.5267,0.3131999999999999
1089,UGI,0.2524545454545455,0.11267777777777777,-0.5106,-0.4404
1090,UAA,0.05521428571428571,-0.05495538461538462,-0.6238,-0.5267
1091,JNPR,0.3967666666666667,0.025182758620689652,0.0,0.007299999999999973
1092,GXO,0.20191250000000002,0.012843750000000001,0.0,0.2766
1093,NBIX,0.7758,0.11106031746031747,0.0,0.17000000000000004
1094,ST,0.2397724682386687,0.08282173913043478,0.0,0.038566981132075476
1095,JEF,0.2397724682386687,-0.01285178571428571,-0.1779,0.038566981132075476
1096,DXC,0.5473,-0.11279870129870131,0.6542,0.0
1097,CNXC,0.015347368421052643,0.09274634146341461,-0.5098,0.49589999999999995
1098,TW,0.2397724682386687,0.07427307692307691,0.8591,0.038566981132075476
1099,GPS,0.2397724682386687,0.10056249999999999,0.5818,0.038566981132075476
1100,SITE,0.2397724682386687,-0.08237027027027027,0.0,0.038566981132075476
1101,YETI,0.0,0.13559454545454544,0.0,0.0
1102,LW,0.22593000000000002,-0.10518181818181818,0.6705,1.1961
1103,RUN,0.0019500000000000095,0.17895270270270264,-0.6369,-0.4446
1104,ZNGA,0.2397724682386687,0.10056249999999999,0.5818,0.038566981132075476
1105,KNX,0.2397724682386687,0.040817021276595734,0.128,0.038566981132075476
1106,NTNX,0.6103,0.07470961538461537,0.6346,0.0
1107,SEE,0.2397724682386687,0.2907842105263157,0.0,0.038566981132075476
1108,Y,0.2397724682386687,0.0331,-1.2988,0.038566981132075476
1109,MRTX,0.2397724682386687,0.019992307692307684,0.5818,0.038566981132075476
1110,DKS,0.4019,0.10718076923076922,0.0,0.0
1111,AZPN,0.2397724682386687,0.23050454545454546,-0.3612,0.038566981132075476
1112,BERY,0.5267,0.15800769230769232,0.4019,0.0
1113,VST,0.278245,0.1688666666666667,0.0,1.3942
1114,OGN,0.28985000000000005,0.0991787234042553,-0.13590000000000002,0.5106
1115,FHN,-0.3445714285714286,0.19215312500000004,-0.7506,0.34759999999999996
1116,BFAM,0.2397724682386687,0.3187290322580645,-0.802,0.038566981132075476
1117,CHDN,0.2397724682386687,0.08717058823529412,0.4588,0.038566981132075476
1118,WU,0.2397724682386687,0.055646153846153845,-0.0772,0.038566981132075476
1119,SEIC,0.2397724682386687,0.15273,0.296,0.038566981132075476
1120,MKSI,0.47433999999999993,0.18296491228070172,0.2809,1.1865999999999999
1121,AGNC,0.16399000000000002,0.09728367346938777,-0.4939,0.4404
1122,ERIE,0.2397724682386687,0.04125555555555555,0.0,0.038566981132075476
1123,REXR,0.46814375000000014,0.0810452830188679,-0.3246,1.3615
1124,VRT,0.26404999999999995,0.20731884057971012,0.4767,-0.1531
1125,NYT,0.2397724682386687,0.008488636363636365,-0.8406,0.038566981132075476
1126,CIEN,0.2397724682386687,0.03999264705882353,0.4588,0.038566981132075476
1127,XEC,0.2397724682386687,0.22125,0.3869,0.038566981132075476
1128,ATR,0.2397724682386687,0.23064166666666663,0.20840000000000003,0.038566981132075476
1129,ARMK,-0.7184,0.14189692307692306,-0.4215,0.0
1130,RL,0.2397724682386687,0.10321538461538463,1.052,0.038566981132075476
1131,GMED,0.2397724682386687,-0.13337857142857143,-0.46449999999999997,0.038566981132075476
1132,JAZZ,0.01005999999999998,0.15273835616438358,0.6238,-0.491
1133,XLRN,0.2397724682386687,0.27005,-0.011699999999999933,0.038566981132075476
1134,SMG,-0.37239999999999995,-0.056774999999999964,-0.5106,-0.39699999999999996
1135,HII,-0.07388999999999998,0.18614576271186442,0.1779,-0.125
1136,COG,0.2397724682386687,0.22244999999999998,0.3182,0.038566981132075476
1137,LECO,0.2397724682386687,0.049328888888888894,0.0,0.038566981132075476
1138,OLN,0.4144,-0.039788461538461536,0.128,0.0
1139,NNN,0.40779230769230773,0.17215806451612903,0.0572,0.06869999999999998
1140,AN,-0.7506,-0.03488846153846154,0.0,0.0
1141,KSS,0.32493500000000003,-0.009284848484848496,-0.5719,0.022700000000000053
1142,CPRI,0.08091000000000001,-0.1174571428571429,0.10629999999999995,1.732
1143,AIRC,0.2397724682386687,-0.011187500000000003,0.1543,0.038566981132075476
1144,ITT,0.2397724682386687,0.19426956521739128,0.0,0.038566981132075476
1145,PVH,0.2928,0.07094426229508195,0.9981,0.3296
1146,APA,0.09842500000000001,0.0411530303030303,0.0,1.1267
1147,WWD,0.2397724682386687,0.15057457627118645,0.4588,0.038566981132075476
1148,EQT,0.51692,0.07350000000000001,-0.2023,-0.027799999999999936
1149,TNDM,0.2397724682386687,0.23466363636363635,-0.4939,0.038566981132075476
1150,SBNY,-0.8953,-0.4588,0.0,0.0
1151,RGA,-0.296,0.09195306122448979,-0.5719,0.0
1152,OHI,0.42663529411764706,0.15477692307692306,-0.8807,-0.41059999999999997
1153,WEX,0.55265,0.11304600000000001,0.128,0.15990000000000004
1154,GNTX,0.9276,0.01021463414634146,0.0,0.0
1155,EHC,0.2397724682386687,0.13188181818181818,-0.296,0.038566981132075476
1156,KRC,0.8537,0.1257675,-0.7502,0.0
1157,PSTG,0.335155,-0.006168965517241379,0.0,-0.1531
1158,DCI,0.9701,0.12453714285714287,0.0,0.0
1159,BC,0.70035,0.16641272727272727,0.0,-0.5577
1160,OSK,0.79875,0.21239803921568629,0.23820000000000002,0.1875
1161,CHE,0.8403,0.18832000000000002,-0.6486,-0.11249999999999993
1162,FAF,0.2397724682386687,0.13915000000000002,0.2732,0.038566981132075476
1163,DNB,0.2397724682386687,0.15058684210526319,0.0,0.038566981132075476
1164,WMS,0.4215,0.2726142857142857,-0.25,0.0
1165,OMF,0.19644,0.07888490566037738,-0.128,0.6456000000000001
1166,PII,0.38075000000000003,0.015329310344827565,-0.4404,-0.08149999999999996
1167,USFD,0.2397724682386687,0.04408571428571429,0.3818,0.038566981132075476
1168,PAG,0.2397724682386687,-0.002297368421052621,0.567,0.038566981132075476
1169,TOL,-0.09713,0.1534666666666667,-0.5079,0.8019
1170,NCNO,0.714725,0.19207358490566037,0.7184,0.13770000000000004
1171,BLD,0.2397724682386687,-0.0015459459459459483,-0.2732,0.038566981132075476
1172,FCNCA,0.2397724682386687,0.12638545454545452,-0.2023,0.038566981132075476
1173,NLSN,0.2397724682386687,0.466075,0.0,0.038566981132075476
1174,IAA,0.2397724682386687,0.2390714285714286,-0.7003,0.038566981132075476
1175,RGLD,-0.2732,0.06447179487179487,0.0,0.0
1176,MAT,0.2397724682386687,0.20504411764705882,0.0,0.038566981132075476
1177,BEPC,0.5233222222222221,0.16403750000000003,0.0,-0.1866
1178,ORI,0.8946,0.23471600000000004,-0.2023,0.0
1179,STWD,0.24345000000000003,0.3225333333333334,0.3374999999999999,-0.3362
1180,VOYA,0.2397724682386687,0.032042622950819666,-0.296,0.038566981132075476
1181,CASY,0.26225,0.05288793103448277,0.1628,1.2045000000000001
1182,ALK,0.49253076923076927,0.1864958904109589,0.128,-0.07250000000000001
1183,SHC,0.2397724682386687,-0.036486206896551715,0.2023,0.038566981132075476
1184,NVST,0.2397724682386687,0.022480392156862736,0.3412,0.038566981132075476
1185,BYND,-0.05431052631578946,-0.050894545454545456,0.0,1.0484
1186,FR,0.7692500000000001,0.2716075000000001,0.5106,0.1411
1187,PNFP,0.2397724682386687,0.032222000000000015,-0.1779,0.038566981132075476
1188,SF,0.2397724682386687,0.0987566037735849,0.7717,0.038566981132075476
1189,BRX,0.9095,0.1290767441860465,0.0,0.0
1190,OGE,0.4215,0.3526733333333331,-0.38649999999999995,0.0
1191,X,0.09463999999999999,0.09063124999999998,-0.30960000000000004,0.6799
1192,ALGM,-0.4767,0.16284130434782612,0.0,0.0
1193,ACC,0.2397724682386687,0.0375,0.0,0.038566981132075476
1194,MTZ,0.296,0.03473589743589743,0.9186000000000001,0.0
1195,POST,0.0899,0.08697727272727272,0.7096,0.0
1196,PPC,-0.03886666666666667,0.29905641025641017,0.6778,0.024
1197,WH,0.2397724682386687,0.1716967741935484,0.018399999999999972,0.038566981132075476
1198,EEFT,0.7096,0.2555515151515152,0.0,0.0
1199,SRPT,0.38845833333333335,0.16675454545454546,0.0,-0.4645
1200,AXTA,0.2397724682386687,0.11377948717948719,-0.1531,0.038566981132075476
1201,LFUS,0.3182,0.1910368421052632,0.0,0.0
1202,HBI,-0.24825000000000003,0.25028249999999996,-0.34,-1.4141
1203,BYD,0.6908,0.07788867924528303,0.0,0.0
1204,COLM,0.2397724682386687,0.09660666666666669,-0.4404,0.038566981132075476
1205,AMG,0.2397724682386687,0.27495185185185184,-0.2732,0.038566981132075476
1206,CHPT,0.30846,-0.04010147058823531,-0.09369999999999998,0.24119999999999997
1207,VAC,0.2397724682386687,0.003809090909090915,0.0,0.038566981132075476
1208,RARE,0.7434499999999999,0.17649482758620688,-0.056900000000000006,-0.1672999999999999
1209,DCT,0.2397724682386687,0.29327692307692305,0.2263,0.038566981132075476
1210,PLNT,0.2397724682386687,0.309732258064516,0.23740000000000006,0.038566981132075476
1211,MAN,0.2397724682386687,0.044615384615384585,0.7906,0.038566981132075476
1212,EXEL,0.2397724682386687,0.2628589285714285,-0.11879999999999996,0.038566981132075476
1213,COTY,0.2397724682386687,0.13091311475409836,-0.1779,0.038566981132075476
1214,SRCL,0.2397724682386687,0.020887999999999997,-1.0584,0.038566981132075476
1215,MDU,-0.4939,0.1936666666666667,0.0,0.0
1216,LITE,0.2397724682386687,0.07063599999999998,-0.4588,0.038566981132075476
1217,LEG,0.2397724682386687,-0.002295652173913043,0.5626,0.038566981132075476
1218,DLB,0.2397724682386687,0.11678518518518519,-0.743,0.038566981132075476
1219,NXST,0.8971499999999999,0.11509565217391306,0.128,0.1059
1220,SNX,0.2397724682386687,0.14187454545454548,-0.4019,0.038566981132075476
1221,VNT,0.47433999999999993,0.1997,0.3612,1.1865999999999999
1222,PB,0.2397724682386687,0.4081365384615384,-0.4588,0.038566981132075476
1223,SPCE,-0.45389999999999997,0.012738333333333325,0.4588,0.14420000000000005
1224,SKX,0.26628571428571435,0.11781714285714284,0.0,-0.7547999999999999
1225,QDEL,-0.02010000000000001,-0.00854426229508196,0.296,0.4588
1226,EVBG,0.2397724682386687,0.07877500000000001,0.296,0.038566981132075476
1227,THO,0.1501090909090909,0.020537999999999994,0.0,0.3464999999999999
1228,AYI,0.2397724682386687,0.19444499999999998,0.0237,0.038566981132075476
1229,RBC,0.2397724682386687,0.1882588235294118,0.0,0.038566981132075476
1230,MSA,0.9319000000000001,0.5004931034482759,-0.6496,0.10340000000000005
1231,HUN,0.2397724682386687,0.05317317073170732,0.0,0.038566981132075476
1232,IBKR,0.41209999999999997,0.0920220588235294,0.552,-0.7096
1233,PRGO,0.2397724682386687,0.0329086956521739,-0.1904,0.038566981132075476
1234,GPK,0.2397724682386687,0.06637199999999997,0.2732,0.038566981132075476
1235,EXP,0.5005,0.05178918918918918,0.0,0.14279999999999998
1236,NYCB,0.153855,0.08769292929292931,-0.13849999999999996,-0.7053
1237,HOG,-0.16732499999999995,0.04093650793650794,0.5859,0.032399999999999984
1238,CACI,0.5719,0.27305147058823537,0.7096,0.0
1239,SRC,0.2397724682386687,0.1168875,-1.0584,0.038566981132075476
1240,BPOP,0.2397724682386687,0.4247170731707316,0.25,0.038566981132075476
1241,FRPT,0.6063,0.13801296296296295,0.8856,0.12270000000000003
1242,PRI,0.23349999999999999,0.08666304347826088,0.0,1.4026
1243,NFE,0.31123999999999996,0.05542470588235292,0.026499999999999968,0.4767
1244,AZEK,0.2397724682386687,0.10698703703703705,-0.08350000000000002,0.038566981132075476
1245,BOKF,0.2397724682386687,0.09615945945945946,0.3612,0.038566981132075476
1246,IART,0.2397724682386687,-0.05915090909090909,0.23070000000000002,0.038566981132075476
1247,REYN,0.2397724682386687,0.016433333333333324,0.0,0.038566981132075476
1248,VVV,0.2397724682386687,0.1940309523809524,0.0516,0.038566981132075476
1249,LPX,-0.21665,0.12363555555555558,0.0,-0.4333
1250,DEI,0.2397724682386687,0.07698,-0.6222,0.038566981132075476
1251,SNV,-0.20396666666666666,0.06765156249999998,0.5232,-0.1531
1252,DV,0.0,0.16748732394366198,0.6597,0.0
1253,ASH,0.2397724682386687,0.2532076923076923,-0.2744,0.038566981132075476
1254,CR,0.2397724682386687,-0.00783030303030303,-0.4404,0.038566981132075476
1255,TDC,0.4297999999999999,-0.02822643678160921,0.11850000000000005,0.6369
1256,CUZ,0.2397724682386687,0.07675416666666666,-0.765,0.038566981132075476
1257,NVT,0.2202,0.09415476190476191,-0.7184,-0.4404
1258,EVR,0.2397724682386687,0.04105952380952381,-0.1628,0.038566981132075476
1259,AMED,0.2397724682386687,0.13472903225806454,-0.6486,0.038566981132075476
1260,CERT,-0.04710000000000002,0.1999217391304348,0.0,-0.5858
1261,MRVI,0.0,0.07588958333333333,0.0,0.0
1262,CLH,0.4754,0.4219483870967743,0.4939,0.0
1263,SLM,-0.1027,0.18308,-0.128,0.0
1264,NOV,0.3818,-0.011378431372549012,-0.3124,0.0
1265,SAM,0.6839999999999999,0.031373214285714275,-0.21549999999999997,-0.6076
1266,VSCO,0.4215,0.102315625,0.0,0.0
1267,NCLH,0.4395315789473684,0.14709841269841267,0.0,0.4678
1268,TKR,-0.5615,0.16681707317073172,-0.5423,0.0
1269,ESI,0.2397724682386687,0.3607083333333333,0.5317000000000001,0.038566981132075476
1270,ACHC,-0.802,-0.20209770114942535,0.5859,0.0
1271,LAZ,0.2397724682386687,0.0685409090909091,0.0,0.038566981132075476
1272,UNM,0.6132142857142858,0.103702,0.128,-0.5988
1273,VMEO,0.2397724682386687,0.07785555555555557,-0.3818,0.038566981132075476
1274,VMI,0.2397724682386687,0.16752666666666668,0.5267,0.038566981132075476
1275,TFSL,0.4251666666666667,0.11855263157894737,0.4767,0.3451000000000001
1276,IDA,0.12070000000000003,0.1232151515151515,-0.4404,-1.1592
1277,IONS,-0.010473684210526307,0.22997499999999996,-0.5574,-0.21599999999999997
1278,CC,0.06123333333333333,-0.22031666666666674,-0.7096,0.4657
1279,BWXT,0.47254285714285704,0.2559025641025641,0.0,0.241
1280,NCR,0.2397724682386687,0.1543875,0.6808,0.038566981132075476
1281,ICUI,0.2397724682386687,-0.11849615384615383,-0.765,0.038566981132075476
1282,FL,0.7624,0.015102898550724638,-0.128,-0.08479999999999999
1283,ADPT,0.2397724682386687,0.017396153846153846,0.0,0.038566981132075476
1284,CDK,0.2397724682386687,0.056225,-0.23009999999999997,0.038566981132075476
1285,NRZ,0.2397724682386687,0.04498,-0.23009999999999997,0.038566981132075476
1286,MTG,0.35083333333333333,0.17668148148148147,-0.0516,-0.7583
1287,WOOF,0.10930000000000001,0.14059014084507046,-0.2732,0.4767
1288,CRUS,0.1615625,0.10783947368421055,-0.2263,-0.5719
1289,OZK,0.10878947368421053,-0.11179615384615388,0.128,0.9118
1290,DRVN,0.2397724682386687,0.023804444444444444,-0.6705,0.038566981132075476
1291,WEN,0.33747142857142853,0.15253437500000003,0.3612,0.48480000000000006
1292,AI,0.5229,0.0842142857142857,-0.7096,0.5118
1293,NEWR,0.2397724682386687,0.06069090909090911,-0.48380000000000006,0.038566981132075476
1294,SAIC,0.47433999999999993,0.1502271186440678,0.0,1.1865999999999999
1295,PACW,0.2397724682386687,-0.27993999999999997,0.8271,0.038566981132075476
1296,GTES,0.2397724682386687,0.14761162790697674,-0.09960000000000001,0.038566981132075476
1297,HLF,-0.2263,0.13925434782608698,0.0,0.0
1298,TNL,0.2397724682386687,0.09952745098039217,0.07950000000000002,0.038566981132075476
1299,PINC,0.2397724682386687,0.46227500000000005,-1.2841,0.038566981132075476
1300,ADS,0.2397724682386687,0.11975000000000002,-0.4588,0.038566981132075476
1301,NFG,0.8087500000000001,0.1199689655172414,0.0,0.17390000000000005
1302,SLG,0.4827499999999999,0.03847538461538462,0.0,0.4887
1303,JBLU,0.27906,0.09830428571428572,-0.4939,1.0086
1304,THG,0.27795000000000003,0.11453913043478259,-0.2023,-1.1479
1305,DSEY,0.2397724682386687,0.13147692307692305,-0.5541,0.038566981132075476
1306,CW,-0.05002142857142861,0.13675250000000003,0.4462,-0.5792999999999999
1307,FLS,0.2397724682386687,0.1942347826086957,-0.7096,0.038566981132075476
1308,HIW,0.4904642857142858,-0.0750342105263158,0.0,0.4278
1309,DTM,0.2397724682386687,0.07858333333333335,0.0,0.038566981132075476
1310,FCN,0.2397724682386687,0.1072931818181818,0.4588,0.038566981132075476
1311,HAYW,0.2397724682386687,0.10985526315789473,-0.6486,0.038566981132075476
1312,PK,0.5522,-0.0768125,-0.4588,-0.42439999999999994
1313,SLGN,0.2397724682386687,0.1587894736842105,0.4404,0.038566981132075476
1314,HRB,0.2397724682386687,-0.13976551724137945,0.1406,0.038566981132075476
1315,OLLI,0.6104,0.350930909090909,0.25649999999999995,0.23299999999999998
1316,JAMF,0.2397724682386687,0.29782456140350877,-0.5665,0.038566981132075476
1317,LMND,-0.344175,0.06181219512195122,0.5859,0.06900000000000006
1318,WBS,0.2397724682386687,0.10381833333333333,0.0,0.038566981132075476
1319,AL,0.9349,0.07193255813953489,0.0,0.0
1320,TRIP,0.5362,-0.14489382716049384,0.3291,0.0
1321,FEYE,0.2397724682386687,0.4666875,-0.4588,0.038566981132075476
1322,R,0.34,0.15597291666666666,0.0,0.0
1323,CRI,-0.5106,0.04650303030303031,0.3869,0.0
1324,STL,0.2397724682386687,-0.0865,0.3504,0.038566981132075476
1325,UMPQ,0.2397724682386687,0.2854384615384615,-0.4588,0.038566981132075476
1326,LESL,0.0,0.044078846153846156,0.6249,0.0
1327,WTFC,0.9042,0.06638703703703704,0.0,0.0
1328,QRTEA,0.016614999999999998,0.1924769230769231,-0.4215,0.17220000000000002
1329,KMPR,0.2397724682386687,0.1990891891891892,-0.1027,0.038566981132075476
1330,SPR,0.00846,-0.07956349206349209,-0.5939,1.0909
1331,AYX,0.2397724682386687,0.32248461538461537,-0.4588,0.038566981132075476
1332,SKLZ,0.2397724682386687,0.05067692307692308,0.0772,0.038566981132075476
1333,SPB,0.2397724682386687,0.23295151515151516,-0.7351,0.038566981132075476
1334,HPP,-0.40138333333333337,-0.11730238095238098,-0.6222,0.22409999999999997
1335,AXS,-0.24186666666666667,0.09139714285714286,-1.0046,-0.3025
1336,LOPE,0.2397724682386687,0.4346892857142858,0.0,0.038566981132075476
1337,UNVR,0.2397724682386687,0.38838461538461544,0.128,0.038566981132075476
1338,JBGS,0.2397724682386687,0.039315789473684214,0.6222,0.038566981132075476
1339,MSP,0.2397724682386687,-0.214975,-0.5859,0.038566981132075476
1340,FTDR,0.2397724682386687,0.17985142857142858,-0.2023,0.038566981132075476
1341,ALSN,0.17694000000000001,0.10572439024390243,-0.5423,-0.4446
1342,SGFY,0.2397724682386687,0.28267692307692305,0.128,0.038566981132075476
1343,AVT,0.2397724682386687,0.1250121212121212,-0.4019,0.038566981132075476
1344,HAIN,0.30390000000000006,0.16090000000000002,0.05180000000000007,1.3714
1345,MSM,0.2397724682386687,-0.0032967741935483966,0.0,0.038566981132075476
1346,IOVA,0.15989166666666665,0.0885318181818182,-0.3818,-0.4719
1347,EPR,0.5510150000000001,0.22669500000000004,-0.2023,0.4995
1348,FOUR,0.39284210526315794,0.13521666666666668,0.4576,-0.24270000000000003
1349,SIX,0.2397724682386687,0.3830125,0.0,0.038566981132075476
1350,SWCH,0.2397724682386687,0.344525,-0.5719,0.038566981132075476
1351,MCFE,0.2397724682386687,0.344525,-0.5719,0.038566981132075476
1352,VSAT,0.28585,0.16281690140845068,0.5635,-0.8016000000000001
1353,MSGS,-0.4019,0.048820588235294116,0.27909999999999996,0.0
1354,FNB,0.2397724682386687,0.08082222222222221,0.0,0.038566981132075476
1355,VRM,0.2397724682386687,-0.058361111111111114,0.0,0.038566981132075476
1356,SHLS,0.5126,-0.030932876712328763,0.296,-0.4275
1357,KEX,0.48525,0.20200357142857142,0.22199999999999998,0.9705
1358,COMM,0.0,0.10733050847457627,-0.7579,0.0
1359,NKTR,-0.4588,-0.018664999999999998,0.3612,0.0
1360,VIRT,0.22734285714285712,0.09942444444444444,-0.39859999999999995,-1.2804
1361,SWI,0.2397724682386687,-0.04697777777777778,0.2263,0.038566981132075476
1362,SAGE,0.2397724682386687,-0.1645012345679012,-0.4724,0.038566981132075476
1363,MRCY,0.2397724682386687,-0.06779318181818182,0.128,0.038566981132075476
1364,WWE,0.2397724682386687,0.1715,-0.5719,0.038566981132075476
1365,CPA,0.1344,0.1444448979591837,-0.6369,-0.7906
1366,NABL,0.2397724682386687,0.26171714285714287,1.1998,0.038566981132075476
1367,GO,-0.134675,-0.02962363636363636,0.15189999999999998,-0.2263
1368,SNDR,0.2397724682386687,0.15241315789473683,0.25,0.038566981132075476
1369,PSFE,0.7575333333333333,0.1215888888888889,-0.3818,0.26580000000000004
1370,UWMC,0.229,-0.05220666666666667,-0.374,-0.16510000000000002
1371,GOCO,0.8011999999999999,0.0901342105263158,0.4588,0.28300000000000003
1372,ARD,0.2397724682386687,0.23335384615384613,0.34,0.038566981132075476
